Sexo;Tipo de contrato o relación laboral;Edad;Periodo;Total
Hombres;De duración indefinida: Total;De 16 a 19 años;2021;9,1
Hombres;De duración indefinida: Total;De 16 a 19 años;2020;11,8
Hombres;De duración indefinida: Total;De 16 a 19 años;2019;11,9
Hombres;De duración indefinida: Total;De 16 a 19 años;2018;9,8
Hombres;De duración indefinida: Total;De 16 a 19 años;2017;9,9
Hombres;De duración indefinida: Total;De 16 a 19 años;2016;5,8
Hombres;De duración indefinida: Total;De 16 a 19 años;2015;6,7
Hombres;De duración indefinida: Total;De 16 a 19 años;2014;6,5
Hombres;De duración indefinida: Total;De 16 a 19 años;2013;7,7
Hombres;De duración indefinida: Total;De 16 a 19 años;2012;6,1
Hombres;De duración indefinida: Total;De 16 a 19 años;2011;8,8
Hombres;De duración indefinida: Total;De 16 a 19 años;2010;16,2
Hombres;De duración indefinida: Total;De 16 a 19 años;2009;28,5
Hombres;De duración indefinida: Total;De 16 a 19 años;2008;42,9
Hombres;De duración indefinida: Total;De 16 a 19 años;2007;47,9
Hombres;De duración indefinida: Total;De 16 a 19 años;2006;39,9
Hombres;De duración indefinida: Total;De 20 a 24 años;2021;170,9
Hombres;De duración indefinida: Total;De 20 a 24 años;2020;152,4
Hombres;De duración indefinida: Total;De 20 a 24 años;2019;159,2
Hombres;De duración indefinida: Total;De 20 a 24 años;2018;135,6
Hombres;De duración indefinida: Total;De 20 a 24 años;2017;115,1
Hombres;De duración indefinida: Total;De 20 a 24 años;2016;105,6
Hombres;De duración indefinida: Total;De 20 a 24 años;2015;107,1
Hombres;De duración indefinida: Total;De 20 a 24 años;2014;100,2
Hombres;De duración indefinida: Total;De 20 a 24 años;2013;116,6
Hombres;De duración indefinida: Total;De 20 a 24 años;2012;140,3
Hombres;De duración indefinida: Total;De 20 a 24 años;2011;174,1
Hombres;De duración indefinida: Total;De 20 a 24 años;2010;222,7
Hombres;De duración indefinida: Total;De 20 a 24 años;2009;287,6
Hombres;De duración indefinida: Total;De 20 a 24 años;2008;343,5
Hombres;De duración indefinida: Total;De 20 a 24 años;2007;348,3
Hombres;De duración indefinida: Total;De 20 a 24 años;2006;330,1
Hombres;De duración indefinida: Total;De 25 a 29 años;2021;431,9
Hombres;De duración indefinida: Total;De 25 a 29 años;2020;443,2
Hombres;De duración indefinida: Total;De 25 a 29 años;2019;445,8
Hombres;De duración indefinida: Total;De 25 a 29 años;2018;432,1
Hombres;De duración indefinida: Total;De 25 a 29 años;2017;395,7
Hombres;De duración indefinida: Total;De 25 a 29 años;2016;388,9
Hombres;De duración indefinida: Total;De 25 a 29 años;2015;392,0
Hombres;De duración indefinida: Total;De 25 a 29 años;2014;411,5
Hombres;De duración indefinida: Total;De 25 a 29 años;2013;424,2
Hombres;De duración indefinida: Total;De 25 a 29 años;2012;470,3
Hombres;De duración indefinida: Total;De 25 a 29 años;2011;551,4
Hombres;De duración indefinida: Total;De 25 a 29 años;2010;618,8
Hombres;De duración indefinida: Total;De 25 a 29 años;2009;683,5
Hombres;De duración indefinida: Total;De 25 a 29 años;2008;757,3
Hombres;De duración indefinida: Total;De 25 a 29 años;2007;782,1
Hombres;De duración indefinida: Total;De 25 a 29 años;2006;765,6
Hombres;De duración indefinida: Permanente a lo largo del tiempo;De 16 a 19 años;2021;8,4
Hombres;De duración indefinida: Permanente a lo largo del tiempo;De 16 a 19 años;2020;11,4
Hombres;De duración indefinida: Permanente a lo largo del tiempo;De 16 a 19 años;2019;10,9
Hombres;De duración indefinida: Permanente a lo largo del tiempo;De 16 a 19 años;2018;8,9
Hombres;De duración indefinida: Permanente a lo largo del tiempo;De 16 a 19 años;2017;9,3
Hombres;De duración indefinida: Permanente a lo largo del tiempo;De 16 a 19 años;2016;5,5
Hombres;De duración indefinida: Permanente a lo largo del tiempo;De 16 a 19 años;2015;6,5
Hombres;De duración indefinida: Permanente a lo largo del tiempo;De 16 a 19 años;2014;6,4
Hombres;De duración indefinida: Permanente a lo largo del tiempo;De 16 a 19 años;2013;7,2
Hombres;De duración indefinida: Permanente a lo largo del tiempo;De 16 a 19 años;2012;6,1
Hombres;De duración indefinida: Permanente a lo largo del tiempo;De 16 a 19 años;2011;8,5
Hombres;De duración indefinida: Permanente a lo largo del tiempo;De 16 a 19 años;2010;15,9
Hombres;De duración indefinida: Permanente a lo largo del tiempo;De 16 a 19 años;2009;27,1
Hombres;De duración indefinida: Permanente a lo largo del tiempo;De 16 a 19 años;2008;41,6
Hombres;De duración indefinida: Permanente a lo largo del tiempo;De 16 a 19 años;2007;46,4
Hombres;De duración indefinida: Permanente a lo largo del tiempo;De 16 a 19 años;2006;38,3
Hombres;De duración indefinida: Permanente a lo largo del tiempo;De 20 a 24 años;2021;165,1
Hombres;De duración indefinida: Permanente a lo largo del tiempo;De 20 a 24 años;2020;146,9
Hombres;De duración indefinida: Permanente a lo largo del tiempo;De 20 a 24 años;2019;153,6
Hombres;De duración indefinida: Permanente a lo largo del tiempo;De 20 a 24 años;2018;129,7
Hombres;De duración indefinida: Permanente a lo largo del tiempo;De 20 a 24 años;2017;109,3
Hombres;De duración indefinida: Permanente a lo largo del tiempo;De 20 a 24 años;2016;101,8
Hombres;De duración indefinida: Permanente a lo largo del tiempo;De 20 a 24 años;2015;103,5
Hombres;De duración indefinida: Permanente a lo largo del tiempo;De 20 a 24 años;2014;97,9
Hombres;De duración indefinida: Permanente a lo largo del tiempo;De 20 a 24 años;2013;111,8
Hombres;De duración indefinida: Permanente a lo largo del tiempo;De 20 a 24 años;2012;135,8
Hombres;De duración indefinida: Permanente a lo largo del tiempo;De 20 a 24 años;2011;169,8
Hombres;De duración indefinida: Permanente a lo largo del tiempo;De 20 a 24 años;2010;218,3
Hombres;De duración indefinida: Permanente a lo largo del tiempo;De 20 a 24 años;2009;283,2
Hombres;De duración indefinida: Permanente a lo largo del tiempo;De 20 a 24 años;2008;339,1
Hombres;De duración indefinida: Permanente a lo largo del tiempo;De 20 a 24 años;2007;341,0
Hombres;De duración indefinida: Permanente a lo largo del tiempo;De 20 a 24 años;2006;324,9
Hombres;De duración indefinida: Permanente a lo largo del tiempo;De 25 a 29 años;2021;417,3
Hombres;De duración indefinida: Permanente a lo largo del tiempo;De 25 a 29 años;2020;427,9
Hombres;De duración indefinida: Permanente a lo largo del tiempo;De 25 a 29 años;2019;432,4
Hombres;De duración indefinida: Permanente a lo largo del tiempo;De 25 a 29 años;2018;416,8
Hombres;De duración indefinida: Permanente a lo largo del tiempo;De 25 a 29 años;2017;380,6
Hombres;De duración indefinida: Permanente a lo largo del tiempo;De 25 a 29 años;2016;376,9
Hombres;De duración indefinida: Permanente a lo largo del tiempo;De 25 a 29 años;2015;383,3
Hombres;De duración indefinida: Permanente a lo largo del tiempo;De 25 a 29 años;2014;402,7
Hombres;De duración indefinida: Permanente a lo largo del tiempo;De 25 a 29 años;2013;412,3
Hombres;De duración indefinida: Permanente a lo largo del tiempo;De 25 a 29 años;2012;459,4
Hombres;De duración indefinida: Permanente a lo largo del tiempo;De 25 a 29 años;2011;541,7
Hombres;De duración indefinida: Permanente a lo largo del tiempo;De 25 a 29 años;2010;610,7
Hombres;De duración indefinida: Permanente a lo largo del tiempo;De 25 a 29 años;2009;674,5
Hombres;De duración indefinida: Permanente a lo largo del tiempo;De 25 a 29 años;2008;750,8
Hombres;De duración indefinida: Permanente a lo largo del tiempo;De 25 a 29 años;2007;770,6
Hombres;De duración indefinida: Permanente a lo largo del tiempo;De 25 a 29 años;2006;757,1
Hombres;De duración indefinida: Discontinuo;De 16 a 19 años;2021;0,7
Hombres;De duración indefinida: Discontinuo;De 16 a 19 años;2020;0,4
Hombres;De duración indefinida: Discontinuo;De 16 a 19 años;2019;1,0
Hombres;De duración indefinida: Discontinuo;De 16 a 19 años;2018;0,9
Hombres;De duración indefinida: Discontinuo;De 16 a 19 años;2017;0,6
Hombres;De duración indefinida: Discontinuo;De 16 a 19 años;2016;0,3
Hombres;De duración indefinida: Discontinuo;De 16 a 19 años;2015;0,2
Hombres;De duración indefinida: Discontinuo;De 16 a 19 años;2014;0,1
Hombres;De duración indefinida: Discontinuo;De 16 a 19 años;2013;0,4
Hombres;De duración indefinida: Discontinuo;De 16 a 19 años;2012;0,0
Hombres;De duración indefinida: Discontinuo;De 16 a 19 años;2011;0,3
Hombres;De duración indefinida: Discontinuo;De 16 a 19 años;2010;0,3
Hombres;De duración indefinida: Discontinuo;De 16 a 19 años;2009;1,4
Hombres;De duración indefinida: Discontinuo;De 16 a 19 años;2008;1,3
Hombres;De duración indefinida: Discontinuo;De 16 a 19 años;2007;1,5
Hombres;De duración indefinida: Discontinuo;De 16 a 19 años;2006;1,5
Hombres;De duración indefinida: Discontinuo;De 20 a 24 años;2021;5,8
Hombres;De duración indefinida: Discontinuo;De 20 a 24 años;2020;5,5
Hombres;De duración indefinida: Discontinuo;De 20 a 24 años;2019;5,6
Hombres;De duración indefinida: Discontinuo;De 20 a 24 años;2018;5,9
Hombres;De duración indefinida: Discontinuo;De 20 a 24 años;2017;5,8
Hombres;De duración indefinida: Discontinuo;De 20 a 24 años;2016;3,8
Hombres;De duración indefinida: Discontinuo;De 20 a 24 años;2015;3,6
Hombres;De duración indefinida: Discontinuo;De 20 a 24 años;2014;2,3
Hombres;De duración indefinida: Discontinuo;De 20 a 24 años;2013;4,8
Hombres;De duración indefinida: Discontinuo;De 20 a 24 años;2012;4,4
Hombres;De duración indefinida: Discontinuo;De 20 a 24 años;2011;4,2
Hombres;De duración indefinida: Discontinuo;De 20 a 24 años;2010;4,4
Hombres;De duración indefinida: Discontinuo;De 20 a 24 años;2009;4,4
Hombres;De duración indefinida: Discontinuo;De 20 a 24 años;2008;4,4
Hombres;De duración indefinida: Discontinuo;De 20 a 24 años;2007;7,3
Hombres;De duración indefinida: Discontinuo;De 20 a 24 años;2006;5,1
Hombres;De duración indefinida: Discontinuo;De 25 a 29 años;2021;14,7
Hombres;De duración indefinida: Discontinuo;De 25 a 29 años;2020;15,3
Hombres;De duración indefinida: Discontinuo;De 25 a 29 años;2019;13,3
Hombres;De duración indefinida: Discontinuo;De 25 a 29 años;2018;15,3
Hombres;De duración indefinida: Discontinuo;De 25 a 29 años;2017;15,1
Hombres;De duración indefinida: Discontinuo;De 25 a 29 años;2016;12,1
Hombres;De duración indefinida: Discontinuo;De 25 a 29 años;2015;8,7
Hombres;De duración indefinida: Discontinuo;De 25 a 29 años;2014;8,9
Hombres;De duración indefinida: Discontinuo;De 25 a 29 años;2013;11,9
Hombres;De duración indefinida: Discontinuo;De 25 a 29 años;2012;10,8
Hombres;De duración indefinida: Discontinuo;De 25 a 29 años;2011;9,7
Hombres;De duración indefinida: Discontinuo;De 25 a 29 años;2010;8,1
Hombres;De duración indefinida: Discontinuo;De 25 a 29 años;2009;8,9
Hombres;De duración indefinida: Discontinuo;De 25 a 29 años;2008;6,5
Hombres;De duración indefinida: Discontinuo;De 25 a 29 años;2007;11,5
Hombres;De duración indefinida: Discontinuo;De 25 a 29 años;2006;8,5
Hombres;Temporal: Total;De 16 a 19 años;2021;58,3
Hombres;Temporal: Total;De 16 a 19 años;2020;53,0
Hombres;Temporal: Total;De 16 a 19 años;2019;70,8
Hombres;Temporal: Total;De 16 a 19 años;2018;58,9
Hombres;Temporal: Total;De 16 a 19 años;2017;53,9
Hombres;Temporal: Total;De 16 a 19 años;2016;42,7
Hombres;Temporal: Total;De 16 a 19 años;2015;36,8
Hombres;Temporal: Total;De 16 a 19 años;2014;33,2
Hombres;Temporal: Total;De 16 a 19 años;2013;27,6
Hombres;Temporal: Total;De 16 a 19 años;2012;33,4
Hombres;Temporal: Total;De 16 a 19 años;2011;49,4
Hombres;Temporal: Total;De 16 a 19 años;2010;61,3
Hombres;Temporal: Total;De 16 a 19 años;2009;81,5
Hombres;Temporal: Total;De 16 a 19 años;2008;141,4
Hombres;Temporal: Total;De 16 a 19 años;2007;186,8
Hombres;Temporal: Total;De 16 a 19 años;2006;180,4
Hombres;Temporal: Total;De 20 a 24 años;2021;266,1
Hombres;Temporal: Total;De 20 a 24 años;2020;240,0
Hombres;Temporal: Total;De 20 a 24 años;2019;300,3
Hombres;Temporal: Total;De 20 a 24 años;2018;287,1
Hombres;Temporal: Total;De 20 a 24 años;2017;274,2
Hombres;Temporal: Total;De 20 a 24 años;2016;253,1
Hombres;Temporal: Total;De 20 a 24 años;2015;232,1
Hombres;Temporal: Total;De 20 a 24 años;2014;209,2
Hombres;Temporal: Total;De 20 a 24 años;2013;199,6
Hombres;Temporal: Total;De 20 a 24 años;2012;209,4
Hombres;Temporal: Total;De 20 a 24 años;2011;248,2
Hombres;Temporal: Total;De 20 a 24 años;2010;275,2
Hombres;Temporal: Total;De 20 a 24 años;2009;285,5
Hombres;Temporal: Total;De 20 a 24 años;2008;409,2
Hombres;Temporal: Total;De 20 a 24 años;2007;479,5
Hombres;Temporal: Total;De 20 a 24 años;2006;510,9
Hombres;Temporal: Total;De 25 a 29 años;2021;339,4
Hombres;Temporal: Total;De 25 a 29 años;2020;307,1
Hombres;Temporal: Total;De 25 a 29 años;2019;360,1
Hombres;Temporal: Total;De 25 a 29 años;2018;360,7
Hombres;Temporal: Total;De 25 a 29 años;2017;356,1
Hombres;Temporal: Total;De 25 a 29 años;2016;349,3
Hombres;Temporal: Total;De 25 a 29 años;2015;321,1
Hombres;Temporal: Total;De 25 a 29 años;2014;316,5
Hombres;Temporal: Total;De 25 a 29 años;2013;295,5
Hombres;Temporal: Total;De 25 a 29 años;2012;320,5
Hombres;Temporal: Total;De 25 a 29 años;2011;374,2
Hombres;Temporal: Total;De 25 a 29 años;2010;374,4
Hombres;Temporal: Total;De 25 a 29 años;2009;406,4
Hombres;Temporal: Total;De 25 a 29 años;2008;515,2
Hombres;Temporal: Total;De 25 a 29 años;2007;622,8
Hombres;Temporal: Total;De 25 a 29 años;2006;641,4
Hombres;Temporal: Eventual por circunstancias de la producción;De 16 a 19 años;2021;15,2
Hombres;Temporal: Eventual por circunstancias de la producción;De 16 a 19 años;2020;12,8
Hombres;Temporal: Eventual por circunstancias de la producción;De 16 a 19 años;2019;14,2
Hombres;Temporal: Eventual por circunstancias de la producción;De 16 a 19 años;2018;14,9
Hombres;Temporal: Eventual por circunstancias de la producción;De 16 a 19 años;2017;11,7
Hombres;Temporal: Eventual por circunstancias de la producción;De 16 a 19 años;2016;10,1
Hombres;Temporal: Eventual por circunstancias de la producción;De 16 a 19 años;2015;7,4
Hombres;Temporal: Eventual por circunstancias de la producción;De 16 a 19 años;2014;6,6
Hombres;Temporal: Eventual por circunstancias de la producción;De 16 a 19 años;2013;5,3
Hombres;Temporal: Eventual por circunstancias de la producción;De 16 a 19 años;2012;5,6
Hombres;Temporal: Eventual por circunstancias de la producción;De 16 a 19 años;2011;8,6
Hombres;Temporal: Eventual por circunstancias de la producción;De 16 a 19 años;2010;11,0
Hombres;Temporal: Eventual por circunstancias de la producción;De 16 a 19 años;2009;12,1
Hombres;Temporal: Eventual por circunstancias de la producción;De 16 a 19 años;2008;23,2
Hombres;Temporal: Eventual por circunstancias de la producción;De 16 a 19 años;2007;34,3
Hombres;Temporal: Eventual por circunstancias de la producción;De 16 a 19 años;2006;29,2
Hombres;Temporal: Eventual por circunstancias de la producción;De 20 a 24 años;2021;62,0
Hombres;Temporal: Eventual por circunstancias de la producción;De 20 a 24 años;2020;54,9
Hombres;Temporal: Eventual por circunstancias de la producción;De 20 a 24 años;2019;72,5
Hombres;Temporal: Eventual por circunstancias de la producción;De 20 a 24 años;2018;63,4
Hombres;Temporal: Eventual por circunstancias de la producción;De 20 a 24 años;2017;60,6
Hombres;Temporal: Eventual por circunstancias de la producción;De 20 a 24 años;2016;53,3
Hombres;Temporal: Eventual por circunstancias de la producción;De 20 a 24 años;2015;46,4
Hombres;Temporal: Eventual por circunstancias de la producción;De 20 a 24 años;2014;45,3
Hombres;Temporal: Eventual por circunstancias de la producción;De 20 a 24 años;2013;43,0
Hombres;Temporal: Eventual por circunstancias de la producción;De 20 a 24 años;2012;43,5
Hombres;Temporal: Eventual por circunstancias de la producción;De 20 a 24 años;2011;53,6
Hombres;Temporal: Eventual por circunstancias de la producción;De 20 a 24 años;2010;48,8
Hombres;Temporal: Eventual por circunstancias de la producción;De 20 a 24 años;2009;53,4
Hombres;Temporal: Eventual por circunstancias de la producción;De 20 a 24 años;2008;82,4
Hombres;Temporal: Eventual por circunstancias de la producción;De 20 a 24 años;2007;86,4
Hombres;Temporal: Eventual por circunstancias de la producción;De 20 a 24 años;2006;95,0
Hombres;Temporal: Eventual por circunstancias de la producción;De 25 a 29 años;2021;81,0
Hombres;Temporal: Eventual por circunstancias de la producción;De 25 a 29 años;2020;67,6
Hombres;Temporal: Eventual por circunstancias de la producción;De 25 a 29 años;2019;77,9
Hombres;Temporal: Eventual por circunstancias de la producción;De 25 a 29 años;2018;83,0
Hombres;Temporal: Eventual por circunstancias de la producción;De 25 a 29 años;2017;73,3
Hombres;Temporal: Eventual por circunstancias de la producción;De 25 a 29 años;2016;76,3
Hombres;Temporal: Eventual por circunstancias de la producción;De 25 a 29 años;2015;73,1
Hombres;Temporal: Eventual por circunstancias de la producción;De 25 a 29 años;2014;62,1
Hombres;Temporal: Eventual por circunstancias de la producción;De 25 a 29 años;2013;62,9
Hombres;Temporal: Eventual por circunstancias de la producción;De 25 a 29 años;2012;67,4
Hombres;Temporal: Eventual por circunstancias de la producción;De 25 a 29 años;2011;68,9
Hombres;Temporal: Eventual por circunstancias de la producción;De 25 a 29 años;2010;63,3
Hombres;Temporal: Eventual por circunstancias de la producción;De 25 a 29 años;2009;65,0
Hombres;Temporal: Eventual por circunstancias de la producción;De 25 a 29 años;2008;88,5
Hombres;Temporal: Eventual por circunstancias de la producción;De 25 a 29 años;2007;93,7
Hombres;Temporal: Eventual por circunstancias de la producción;De 25 a 29 años;2006;113,9
Hombres;Temporal: De aprendizaje, formación o práctica;De 16 a 19 años;2021;6,8
Hombres;Temporal: De aprendizaje, formación o práctica;De 16 a 19 años;2020;6,0
Hombres;Temporal: De aprendizaje, formación o práctica;De 16 a 19 años;2019;7,6
Hombres;Temporal: De aprendizaje, formación o práctica;De 16 a 19 años;2018;5,7
Hombres;Temporal: De aprendizaje, formación o práctica;De 16 a 19 años;2017;6,5
Hombres;Temporal: De aprendizaje, formación o práctica;De 16 a 19 años;2016;5,0
Hombres;Temporal: De aprendizaje, formación o práctica;De 16 a 19 años;2015;5,9
Hombres;Temporal: De aprendizaje, formación o práctica;De 16 a 19 años;2014;5,6
Hombres;Temporal: De aprendizaje, formación o práctica;De 16 a 19 años;2013;3,7
Hombres;Temporal: De aprendizaje, formación o práctica;De 16 a 19 años;2012;4,4
Hombres;Temporal: De aprendizaje, formación o práctica;De 16 a 19 años;2011;8,3
Hombres;Temporal: De aprendizaje, formación o práctica;De 16 a 19 años;2010;10,8
Hombres;Temporal: De aprendizaje, formación o práctica;De 16 a 19 años;2009;14,8
Hombres;Temporal: De aprendizaje, formación o práctica;De 16 a 19 años;2008;22,8
Hombres;Temporal: De aprendizaje, formación o práctica;De 16 a 19 años;2007;32,6
Hombres;Temporal: De aprendizaje, formación o práctica;De 16 a 19 años;2006;29,1
Hombres;Temporal: De aprendizaje, formación o práctica;De 20 a 24 años;2021;35,0
Hombres;Temporal: De aprendizaje, formación o práctica;De 20 a 24 años;2020;29,2
Hombres;Temporal: De aprendizaje, formación o práctica;De 20 a 24 años;2019;35,3
Hombres;Temporal: De aprendizaje, formación o práctica;De 20 a 24 años;2018;39,2
Hombres;Temporal: De aprendizaje, formación o práctica;De 20 a 24 años;2017;33,2
Hombres;Temporal: De aprendizaje, formación o práctica;De 20 a 24 años;2016;36,8
Hombres;Temporal: De aprendizaje, formación o práctica;De 20 a 24 años;2015;31,8
Hombres;Temporal: De aprendizaje, formación o práctica;De 20 a 24 años;2014;25,8
Hombres;Temporal: De aprendizaje, formación o práctica;De 20 a 24 años;2013;21,0
Hombres;Temporal: De aprendizaje, formación o práctica;De 20 a 24 años;2012;21,3
Hombres;Temporal: De aprendizaje, formación o práctica;De 20 a 24 años;2011;20,6
Hombres;Temporal: De aprendizaje, formación o práctica;De 20 a 24 años;2010;22,8
Hombres;Temporal: De aprendizaje, formación o práctica;De 20 a 24 años;2009;16,4
Hombres;Temporal: De aprendizaje, formación o práctica;De 20 a 24 años;2008;25,5
Hombres;Temporal: De aprendizaje, formación o práctica;De 20 a 24 años;2007;33,4
Hombres;Temporal: De aprendizaje, formación o práctica;De 20 a 24 años;2006;32,2
Hombres;Temporal: De aprendizaje, formación o práctica;De 25 a 29 años;2021;34,5
Hombres;Temporal: De aprendizaje, formación o práctica;De 25 a 29 años;2020;32,0
Hombres;Temporal: De aprendizaje, formación o práctica;De 25 a 29 años;2019;35,6
Hombres;Temporal: De aprendizaje, formación o práctica;De 25 a 29 años;2018;33,6
Hombres;Temporal: De aprendizaje, formación o práctica;De 25 a 29 años;2017;35,4
Hombres;Temporal: De aprendizaje, formación o práctica;De 25 a 29 años;2016;34,9
Hombres;Temporal: De aprendizaje, formación o práctica;De 25 a 29 años;2015;31,9
Hombres;Temporal: De aprendizaje, formación o práctica;De 25 a 29 años;2014;25,9
Hombres;Temporal: De aprendizaje, formación o práctica;De 25 a 29 años;2013;25,6
Hombres;Temporal: De aprendizaje, formación o práctica;De 25 a 29 años;2012;25,0
Hombres;Temporal: De aprendizaje, formación o práctica;De 25 a 29 años;2011;26,6
Hombres;Temporal: De aprendizaje, formación o práctica;De 25 a 29 años;2010;25,5
Hombres;Temporal: De aprendizaje, formación o práctica;De 25 a 29 años;2009;23,1
Hombres;Temporal: De aprendizaje, formación o práctica;De 25 a 29 años;2008;25,3
Hombres;Temporal: De aprendizaje, formación o práctica;De 25 a 29 años;2007;29,2
Hombres;Temporal: De aprendizaje, formación o práctica;De 25 a 29 años;2006;28,7
Hombres;Temporal: Estacional o de temporada;De 16 a 19 años;2021;7,8
Hombres;Temporal: Estacional o de temporada;De 16 a 19 años;2020;7,4
Hombres;Temporal: Estacional o de temporada;De 16 a 19 años;2019;12,4
Hombres;Temporal: Estacional o de temporada;De 16 a 19 años;2018;9,6
Hombres;Temporal: Estacional o de temporada;De 16 a 19 años;2017;8,3
Hombres;Temporal: Estacional o de temporada;De 16 a 19 años;2016;6,4
Hombres;Temporal: Estacional o de temporada;De 16 a 19 años;2015;6,2
Hombres;Temporal: Estacional o de temporada;De 16 a 19 años;2014;5,9
Hombres;Temporal: Estacional o de temporada;De 16 a 19 años;2013;3,8
Hombres;Temporal: Estacional o de temporada;De 16 a 19 años;2012;4,5
Hombres;Temporal: Estacional o de temporada;De 16 a 19 años;2011;6,9
Hombres;Temporal: Estacional o de temporada;De 16 a 19 años;2010;8,0
Hombres;Temporal: Estacional o de temporada;De 16 a 19 años;2009;8,5
Hombres;Temporal: Estacional o de temporada;De 16 a 19 años;2008;10,6
Hombres;Temporal: Estacional o de temporada;De 16 a 19 años;2007;13,8
Hombres;Temporal: Estacional o de temporada;De 16 a 19 años;2006;13,7
Hombres;Temporal: Estacional o de temporada;De 20 a 24 años;2021;21,5
Hombres;Temporal: Estacional o de temporada;De 20 a 24 años;2020;21,6
Hombres;Temporal: Estacional o de temporada;De 20 a 24 años;2019;27,8
Hombres;Temporal: Estacional o de temporada;De 20 a 24 años;2018;29,4
Hombres;Temporal: Estacional o de temporada;De 20 a 24 años;2017;26,3
Hombres;Temporal: Estacional o de temporada;De 20 a 24 años;2016;25,8
Hombres;Temporal: Estacional o de temporada;De 20 a 24 años;2015;25,5
Hombres;Temporal: Estacional o de temporada;De 20 a 24 años;2014;25,3
Hombres;Temporal: Estacional o de temporada;De 20 a 24 años;2013;24,1
Hombres;Temporal: Estacional o de temporada;De 20 a 24 años;2012;22,2
Hombres;Temporal: Estacional o de temporada;De 20 a 24 años;2011;24,7
Hombres;Temporal: Estacional o de temporada;De 20 a 24 años;2010;23,1
Hombres;Temporal: Estacional o de temporada;De 20 a 24 años;2009;19,2
Hombres;Temporal: Estacional o de temporada;De 20 a 24 años;2008;26,2
Hombres;Temporal: Estacional o de temporada;De 20 a 24 años;2007;31,0
Hombres;Temporal: Estacional o de temporada;De 20 a 24 años;2006;27,3
Hombres;Temporal: Estacional o de temporada;De 25 a 29 años;2021;23,1
Hombres;Temporal: Estacional o de temporada;De 25 a 29 años;2020;24,6
Hombres;Temporal: Estacional o de temporada;De 25 a 29 años;2019;22,7
Hombres;Temporal: Estacional o de temporada;De 25 a 29 años;2018;29,8
Hombres;Temporal: Estacional o de temporada;De 25 a 29 años;2017;22,9
Hombres;Temporal: Estacional o de temporada;De 25 a 29 años;2016;24,2
Hombres;Temporal: Estacional o de temporada;De 25 a 29 años;2015;22,7
Hombres;Temporal: Estacional o de temporada;De 25 a 29 años;2014;23,9
Hombres;Temporal: Estacional o de temporada;De 25 a 29 años;2013;25,0
Hombres;Temporal: Estacional o de temporada;De 25 a 29 años;2012;23,6
Hombres;Temporal: Estacional o de temporada;De 25 a 29 años;2011;30,4
Hombres;Temporal: Estacional o de temporada;De 25 a 29 años;2010;25,5
Hombres;Temporal: Estacional o de temporada;De 25 a 29 años;2009;23,7
Hombres;Temporal: Estacional o de temporada;De 25 a 29 años;2008;27,0
Hombres;Temporal: Estacional o de temporada;De 25 a 29 años;2007;31,9
Hombres;Temporal: Estacional o de temporada;De 25 a 29 años;2006;25,6
Hombres;Temporal: En periodo de prueba;De 16 a 19 años;2021;0,9
Hombres;Temporal: En periodo de prueba;De 16 a 19 años;2020;0,5
Hombres;Temporal: En periodo de prueba;De 16 a 19 años;2019;0,6
Hombres;Temporal: En periodo de prueba;De 16 a 19 años;2018;0,9
Hombres;Temporal: En periodo de prueba;De 16 a 19 años;2017;1,0
Hombres;Temporal: En periodo de prueba;De 16 a 19 años;2016;0,4
Hombres;Temporal: En periodo de prueba;De 16 a 19 años;2015;0,7
Hombres;Temporal: En periodo de prueba;De 16 a 19 años;2014;0,4
Hombres;Temporal: En periodo de prueba;De 16 a 19 años;2013;0,2
Hombres;Temporal: En periodo de prueba;De 16 a 19 años;2012;0,3
Hombres;Temporal: En periodo de prueba;De 16 a 19 años;2011;1,9
Hombres;Temporal: En periodo de prueba;De 16 a 19 años;2010;1,5
Hombres;Temporal: En periodo de prueba;De 16 a 19 años;2009;1,4
Hombres;Temporal: En periodo de prueba;De 16 a 19 años;2008;4,2
Hombres;Temporal: En periodo de prueba;De 16 a 19 años;2007;3,7
Hombres;Temporal: En periodo de prueba;De 16 a 19 años;2006;3,3
Hombres;Temporal: En periodo de prueba;De 20 a 24 años;2021;3,7
Hombres;Temporal: En periodo de prueba;De 20 a 24 años;2020;3,1
Hombres;Temporal: En periodo de prueba;De 20 a 24 años;2019;4,1
Hombres;Temporal: En periodo de prueba;De 20 a 24 años;2018;4,8
Hombres;Temporal: En periodo de prueba;De 20 a 24 años;2017;4,2
Hombres;Temporal: En periodo de prueba;De 20 a 24 años;2016;3,2
Hombres;Temporal: En periodo de prueba;De 20 a 24 años;2015;2,7
Hombres;Temporal: En periodo de prueba;De 20 a 24 años;2014;1,8
Hombres;Temporal: En periodo de prueba;De 20 a 24 años;2013;2,9
Hombres;Temporal: En periodo de prueba;De 20 a 24 años;2012;1,8
Hombres;Temporal: En periodo de prueba;De 20 a 24 años;2011;2,4
Hombres;Temporal: En periodo de prueba;De 20 a 24 años;2010;3,5
Hombres;Temporal: En periodo de prueba;De 20 a 24 años;2009;3,2
Hombres;Temporal: En periodo de prueba;De 20 a 24 años;2008;8,7
Hombres;Temporal: En periodo de prueba;De 20 a 24 años;2007;9,3
Hombres;Temporal: En periodo de prueba;De 20 a 24 años;2006;9,2
Hombres;Temporal: En periodo de prueba;De 25 a 29 años;2021;5,2
Hombres;Temporal: En periodo de prueba;De 25 a 29 años;2020;4,1
Hombres;Temporal: En periodo de prueba;De 25 a 29 años;2019;7,0
Hombres;Temporal: En periodo de prueba;De 25 a 29 años;2018;5,3
Hombres;Temporal: En periodo de prueba;De 25 a 29 años;2017;4,4
Hombres;Temporal: En periodo de prueba;De 25 a 29 años;2016;4,2
Hombres;Temporal: En periodo de prueba;De 25 a 29 años;2015;5,8
Hombres;Temporal: En periodo de prueba;De 25 a 29 años;2014;2,2
Hombres;Temporal: En periodo de prueba;De 25 a 29 años;2013;4,4
Hombres;Temporal: En periodo de prueba;De 25 a 29 años;2012;6,6
Hombres;Temporal: En periodo de prueba;De 25 a 29 años;2011;3,7
Hombres;Temporal: En periodo de prueba;De 25 a 29 años;2010;5,1
Hombres;Temporal: En periodo de prueba;De 25 a 29 años;2009;4,9
Hombres;Temporal: En periodo de prueba;De 25 a 29 años;2008;11,4
Hombres;Temporal: En periodo de prueba;De 25 a 29 años;2007;13,2
Hombres;Temporal: En periodo de prueba;De 25 a 29 años;2006;10,1
Hombres;Temporal: Cubre la ausencia total o parcial de otro trabajador;De 16 a 19 años;2021;0,5
Hombres;Temporal: Cubre la ausencia total o parcial de otro trabajador;De 16 a 19 años;2020;1,9
Hombres;Temporal: Cubre la ausencia total o parcial de otro trabajador;De 16 a 19 años;2019;1,9
Hombres;Temporal: Cubre la ausencia total o parcial de otro trabajador;De 16 a 19 años;2018;2,3
Hombres;Temporal: Cubre la ausencia total o parcial de otro trabajador;De 16 a 19 años;2017;1,2
Hombres;Temporal: Cubre la ausencia total o parcial de otro trabajador;De 16 a 19 años;2016;1,2
Hombres;Temporal: Cubre la ausencia total o parcial de otro trabajador;De 16 a 19 años;2015;0,7
Hombres;Temporal: Cubre la ausencia total o parcial de otro trabajador;De 16 a 19 años;2014;1,4
Hombres;Temporal: Cubre la ausencia total o parcial de otro trabajador;De 16 a 19 años;2013;0,9
Hombres;Temporal: Cubre la ausencia total o parcial de otro trabajador;De 16 a 19 años;2012;0,9
Hombres;Temporal: Cubre la ausencia total o parcial de otro trabajador;De 16 a 19 años;2011;1,8
Hombres;Temporal: Cubre la ausencia total o parcial de otro trabajador;De 16 a 19 años;2010;2,3
Hombres;Temporal: Cubre la ausencia total o parcial de otro trabajador;De 16 a 19 años;2009;1,8
Hombres;Temporal: Cubre la ausencia total o parcial de otro trabajador;De 16 a 19 años;2008;1,7
Hombres;Temporal: Cubre la ausencia total o parcial de otro trabajador;De 16 a 19 años;2007;2,8
Hombres;Temporal: Cubre la ausencia total o parcial de otro trabajador;De 16 a 19 años;2006;2,3
Hombres;Temporal: Cubre la ausencia total o parcial de otro trabajador;De 20 a 24 años;2021;13,1
Hombres;Temporal: Cubre la ausencia total o parcial de otro trabajador;De 20 a 24 años;2020;11,4
Hombres;Temporal: Cubre la ausencia total o parcial de otro trabajador;De 20 a 24 años;2019;10,8
Hombres;Temporal: Cubre la ausencia total o parcial de otro trabajador;De 20 a 24 años;2018;11,9
Hombres;Temporal: Cubre la ausencia total o parcial de otro trabajador;De 20 a 24 años;2017;11,9
Hombres;Temporal: Cubre la ausencia total o parcial de otro trabajador;De 20 a 24 años;2016;8,4
Hombres;Temporal: Cubre la ausencia total o parcial de otro trabajador;De 20 a 24 años;2015;10,5
Hombres;Temporal: Cubre la ausencia total o parcial de otro trabajador;De 20 a 24 años;2014;7,7
Hombres;Temporal: Cubre la ausencia total o parcial de otro trabajador;De 20 a 24 años;2013;8,2
Hombres;Temporal: Cubre la ausencia total o parcial de otro trabajador;De 20 a 24 años;2012;9,8
Hombres;Temporal: Cubre la ausencia total o parcial de otro trabajador;De 20 a 24 años;2011;10,9
Hombres;Temporal: Cubre la ausencia total o parcial de otro trabajador;De 20 a 24 años;2010;14,9
Hombres;Temporal: Cubre la ausencia total o parcial de otro trabajador;De 20 a 24 años;2009;14,3
Hombres;Temporal: Cubre la ausencia total o parcial de otro trabajador;De 20 a 24 años;2008;15,6
Hombres;Temporal: Cubre la ausencia total o parcial de otro trabajador;De 20 a 24 años;2007;15,5
Hombres;Temporal: Cubre la ausencia total o parcial de otro trabajador;De 20 a 24 años;2006;13,4
Hombres;Temporal: Cubre la ausencia total o parcial de otro trabajador;De 25 a 29 años;2021;20,0
Hombres;Temporal: Cubre la ausencia total o parcial de otro trabajador;De 25 a 29 años;2020;18,1
Hombres;Temporal: Cubre la ausencia total o parcial de otro trabajador;De 25 a 29 años;2019;23,5
Hombres;Temporal: Cubre la ausencia total o parcial de otro trabajador;De 25 a 29 años;2018;21,8
Hombres;Temporal: Cubre la ausencia total o parcial de otro trabajador;De 25 a 29 años;2017;19,4
Hombres;Temporal: Cubre la ausencia total o parcial de otro trabajador;De 25 a 29 años;2016;19,3
Hombres;Temporal: Cubre la ausencia total o parcial de otro trabajador;De 25 a 29 años;2015;20,7
Hombres;Temporal: Cubre la ausencia total o parcial de otro trabajador;De 25 a 29 años;2014;18,2
Hombres;Temporal: Cubre la ausencia total o parcial de otro trabajador;De 25 a 29 años;2013;18,8
Hombres;Temporal: Cubre la ausencia total o parcial de otro trabajador;De 25 a 29 años;2012;22,2
Hombres;Temporal: Cubre la ausencia total o parcial de otro trabajador;De 25 a 29 años;2011;22,8
Hombres;Temporal: Cubre la ausencia total o parcial de otro trabajador;De 25 a 29 años;2010;25,2
Hombres;Temporal: Cubre la ausencia total o parcial de otro trabajador;De 25 a 29 años;2009;24,8
Hombres;Temporal: Cubre la ausencia total o parcial de otro trabajador;De 25 a 29 años;2008;25,4
Hombres;Temporal: Cubre la ausencia total o parcial de otro trabajador;De 25 a 29 años;2007;26,7
Hombres;Temporal: Cubre la ausencia total o parcial de otro trabajador;De 25 a 29 años;2006;26,2
Hombres;Temporal: Para obra o servicio determinado;De 16 a 19 años;2021;17,4
Hombres;Temporal: Para obra o servicio determinado;De 16 a 19 años;2020;16,8
Hombres;Temporal: Para obra o servicio determinado;De 16 a 19 años;2019;23,0
Hombres;Temporal: Para obra o servicio determinado;De 16 a 19 años;2018;17,4
Hombres;Temporal: Para obra o servicio determinado;De 16 a 19 años;2017;19,1
Hombres;Temporal: Para obra o servicio determinado;De 16 a 19 años;2016;12,9
Hombres;Temporal: Para obra o servicio determinado;De 16 a 19 años;2015;11,0
Hombres;Temporal: Para obra o servicio determinado;De 16 a 19 años;2014;8,4
Hombres;Temporal: Para obra o servicio determinado;De 16 a 19 años;2013;7,8
Hombres;Temporal: Para obra o servicio determinado;De 16 a 19 años;2012;9,8
Hombres;Temporal: Para obra o servicio determinado;De 16 a 19 años;2011;13,1
Hombres;Temporal: Para obra o servicio determinado;De 16 a 19 años;2010;17,9
Hombres;Temporal: Para obra o servicio determinado;De 16 a 19 años;2009;24,7
Hombres;Temporal: Para obra o servicio determinado;De 16 a 19 años;2008;45,4
Hombres;Temporal: Para obra o servicio determinado;De 16 a 19 años;2007;57,7
Hombres;Temporal: Para obra o servicio determinado;De 16 a 19 años;2006;51,9
Hombres;Temporal: Para obra o servicio determinado;De 20 a 24 años;2021;87,4
Hombres;Temporal: Para obra o servicio determinado;De 20 a 24 años;2020;87,3
Hombres;Temporal: Para obra o servicio determinado;De 20 a 24 años;2019;103,2
Hombres;Temporal: Para obra o servicio determinado;De 20 a 24 años;2018;100,3
Hombres;Temporal: Para obra o servicio determinado;De 20 a 24 años;2017;102,1
Hombres;Temporal: Para obra o servicio determinado;De 20 a 24 años;2016;96,7
Hombres;Temporal: Para obra o servicio determinado;De 20 a 24 años;2015;84,3
Hombres;Temporal: Para obra o servicio determinado;De 20 a 24 años;2014;71,7
Hombres;Temporal: Para obra o servicio determinado;De 20 a 24 años;2013;71,0
Hombres;Temporal: Para obra o servicio determinado;De 20 a 24 años;2012;77,4
Hombres;Temporal: Para obra o servicio determinado;De 20 a 24 años;2011;94,4
Hombres;Temporal: Para obra o servicio determinado;De 20 a 24 años;2010;108,7
Hombres;Temporal: Para obra o servicio determinado;De 20 a 24 años;2009;117,3
Hombres;Temporal: Para obra o servicio determinado;De 20 a 24 años;2008;155,3
Hombres;Temporal: Para obra o servicio determinado;De 20 a 24 años;2007;192,4
Hombres;Temporal: Para obra o servicio determinado;De 20 a 24 años;2006;182,7
Hombres;Temporal: Para obra o servicio determinado;De 25 a 29 años;2021;122,5
Hombres;Temporal: Para obra o servicio determinado;De 25 a 29 años;2020;118,2
Hombres;Temporal: Para obra o servicio determinado;De 25 a 29 años;2019;145,5
Hombres;Temporal: Para obra o servicio determinado;De 25 a 29 años;2018;144,4
Hombres;Temporal: Para obra o servicio determinado;De 25 a 29 años;2017;161,0
Hombres;Temporal: Para obra o servicio determinado;De 25 a 29 años;2016;145,8
Hombres;Temporal: Para obra o servicio determinado;De 25 a 29 años;2015;128,0
Hombres;Temporal: Para obra o servicio determinado;De 25 a 29 años;2014;140,3
Hombres;Temporal: Para obra o servicio determinado;De 25 a 29 años;2013;115,5
Hombres;Temporal: Para obra o servicio determinado;De 25 a 29 años;2012;126,3
Hombres;Temporal: Para obra o servicio determinado;De 25 a 29 años;2011;159,4
Hombres;Temporal: Para obra o servicio determinado;De 25 a 29 años;2010;167,9
Hombres;Temporal: Para obra o servicio determinado;De 25 a 29 años;2009;184,4
Hombres;Temporal: Para obra o servicio determinado;De 25 a 29 años;2008;224,8
Hombres;Temporal: Para obra o servicio determinado;De 25 a 29 años;2007;280,9
Hombres;Temporal: Para obra o servicio determinado;De 25 a 29 años;2006;263,2
Hombres;Temporal: Verbal, no incluido en las opciones anteriores;De 16 a 19 años;2021;1,7
Hombres;Temporal: Verbal, no incluido en las opciones anteriores;De 16 a 19 años;2020;1,5
Hombres;Temporal: Verbal, no incluido en las opciones anteriores;De 16 a 19 años;2019;2,6
Hombres;Temporal: Verbal, no incluido en las opciones anteriores;De 16 a 19 años;2018;1,8
Hombres;Temporal: Verbal, no incluido en las opciones anteriores;De 16 a 19 años;2017;1,5
Hombres;Temporal: Verbal, no incluido en las opciones anteriores;De 16 a 19 años;2016;2,4
Hombres;Temporal: Verbal, no incluido en las opciones anteriores;De 16 a 19 años;2015;1,9
Hombres;Temporal: Verbal, no incluido en las opciones anteriores;De 16 a 19 años;2014;2,2
Hombres;Temporal: Verbal, no incluido en las opciones anteriores;De 16 a 19 años;2013;2,1
Hombres;Temporal: Verbal, no incluido en las opciones anteriores;De 16 a 19 años;2012;3,7
Hombres;Temporal: Verbal, no incluido en las opciones anteriores;De 16 a 19 años;2011;4,1
Hombres;Temporal: Verbal, no incluido en las opciones anteriores;De 16 a 19 años;2010;5,2
Hombres;Temporal: Verbal, no incluido en las opciones anteriores;De 16 a 19 años;2009;6,6
Hombres;Temporal: Verbal, no incluido en las opciones anteriores;De 16 a 19 años;2008;12,2
Hombres;Temporal: Verbal, no incluido en las opciones anteriores;De 16 a 19 años;2007;13,4
Hombres;Temporal: Verbal, no incluido en las opciones anteriores;De 16 a 19 años;2006;13,2
Hombres;Temporal: Verbal, no incluido en las opciones anteriores;De 20 a 24 años;2021;6,8
Hombres;Temporal: Verbal, no incluido en las opciones anteriores;De 20 a 24 años;2020;4,4
Hombres;Temporal: Verbal, no incluido en las opciones anteriores;De 20 a 24 años;2019;8,6
Hombres;Temporal: Verbal, no incluido en las opciones anteriores;De 20 a 24 años;2018;6,7
Hombres;Temporal: Verbal, no incluido en las opciones anteriores;De 20 a 24 años;2017;8,2
Hombres;Temporal: Verbal, no incluido en las opciones anteriores;De 20 a 24 años;2016;7,6
Hombres;Temporal: Verbal, no incluido en las opciones anteriores;De 20 a 24 años;2015;8,0
Hombres;Temporal: Verbal, no incluido en las opciones anteriores;De 20 a 24 años;2014;6,7
Hombres;Temporal: Verbal, no incluido en las opciones anteriores;De 20 a 24 años;2013;9,4
Hombres;Temporal: Verbal, no incluido en las opciones anteriores;De 20 a 24 años;2012;8,1
Hombres;Temporal: Verbal, no incluido en las opciones anteriores;De 20 a 24 años;2011;11,9
Hombres;Temporal: Verbal, no incluido en las opciones anteriores;De 20 a 24 años;2010;18,4
Hombres;Temporal: Verbal, no incluido en las opciones anteriores;De 20 a 24 años;2009;18,9
Hombres;Temporal: Verbal, no incluido en las opciones anteriores;De 20 a 24 años;2008;23,5
Hombres;Temporal: Verbal, no incluido en las opciones anteriores;De 20 a 24 años;2007;22,3
Hombres;Temporal: Verbal, no incluido en las opciones anteriores;De 20 a 24 años;2006;23,9
Hombres;Temporal: Verbal, no incluido en las opciones anteriores;De 25 a 29 años;2021;8,3
Hombres;Temporal: Verbal, no incluido en las opciones anteriores;De 25 a 29 años;2020;6,1
Hombres;Temporal: Verbal, no incluido en las opciones anteriores;De 25 a 29 años;2019;6,6
Hombres;Temporal: Verbal, no incluido en las opciones anteriores;De 25 a 29 años;2018;5,5
Hombres;Temporal: Verbal, no incluido en las opciones anteriores;De 25 a 29 años;2017;6,1
Hombres;Temporal: Verbal, no incluido en las opciones anteriores;De 25 a 29 años;2016;9,7
Hombres;Temporal: Verbal, no incluido en las opciones anteriores;De 25 a 29 años;2015;9,2
Hombres;Temporal: Verbal, no incluido en las opciones anteriores;De 25 a 29 años;2014;10,3
Hombres;Temporal: Verbal, no incluido en las opciones anteriores;De 25 a 29 años;2013;11,0
Hombres;Temporal: Verbal, no incluido en las opciones anteriores;De 25 a 29 años;2012;9,9
Hombres;Temporal: Verbal, no incluido en las opciones anteriores;De 25 a 29 años;2011;17,2
Hombres;Temporal: Verbal, no incluido en las opciones anteriores;De 25 a 29 años;2010;17,7
Hombres;Temporal: Verbal, no incluido en las opciones anteriores;De 25 a 29 años;2009;19,2
Hombres;Temporal: Verbal, no incluido en las opciones anteriores;De 25 a 29 años;2008;26,3
Hombres;Temporal: Verbal, no incluido en las opciones anteriores;De 25 a 29 años;2007;33,2
Hombres;Temporal: Verbal, no incluido en las opciones anteriores;De 25 a 29 años;2006;31,4
Hombres;Temporal: Otro tipo;De 16 a 19 años;2021;0,8
Hombres;Temporal: Otro tipo;De 16 a 19 años;2020;0,5
Hombres;Temporal: Otro tipo;De 16 a 19 años;2019;0,8
Hombres;Temporal: Otro tipo;De 16 a 19 años;2018;0,8
Hombres;Temporal: Otro tipo;De 16 a 19 años;2017;0,4
Hombres;Temporal: Otro tipo;De 16 a 19 años;2016;0,4
Hombres;Temporal: Otro tipo;De 16 a 19 años;2015;0,5
Hombres;Temporal: Otro tipo;De 16 a 19 años;2014;0,6
Hombres;Temporal: Otro tipo;De 16 a 19 años;2013;0,4
Hombres;Temporal: Otro tipo;De 16 a 19 años;2012;0,2
Hombres;Temporal: Otro tipo;De 16 a 19 años;2011;0,3
Hombres;Temporal: Otro tipo;De 16 a 19 años;2010;0,8
Hombres;Temporal: Otro tipo;De 16 a 19 años;2009;2,4
Hombres;Temporal: Otro tipo;De 16 a 19 años;2008;1,7
Hombres;Temporal: Otro tipo;De 16 a 19 años;2007;2,6
Hombres;Temporal: Otro tipo;De 16 a 19 años;2006;2,2
Hombres;Temporal: Otro tipo;De 20 a 24 años;2021;3,4
Hombres;Temporal: Otro tipo;De 20 a 24 años;2020;3,7
Hombres;Temporal: Otro tipo;De 20 a 24 años;2019;5,1
Hombres;Temporal: Otro tipo;De 20 a 24 años;2018;3,4
Hombres;Temporal: Otro tipo;De 20 a 24 años;2017;2,9
Hombres;Temporal: Otro tipo;De 20 a 24 años;2016;2,5
Hombres;Temporal: Otro tipo;De 20 a 24 años;2015;3,3
Hombres;Temporal: Otro tipo;De 20 a 24 años;2014;2,5
Hombres;Temporal: Otro tipo;De 20 a 24 años;2013;2,5
Hombres;Temporal: Otro tipo;De 20 a 24 años;2012;4,0
Hombres;Temporal: Otro tipo;De 20 a 24 años;2011;5,0
Hombres;Temporal: Otro tipo;De 20 a 24 años;2010;5,8
Hombres;Temporal: Otro tipo;De 20 a 24 años;2009;6,9
Hombres;Temporal: Otro tipo;De 20 a 24 años;2008;7,0
Hombres;Temporal: Otro tipo;De 20 a 24 años;2007;12,0
Hombres;Temporal: Otro tipo;De 20 a 24 años;2006;9,7
Hombres;Temporal: Otro tipo;De 25 a 29 años;2021;8,5
Hombres;Temporal: Otro tipo;De 25 a 29 años;2020;7,3
Hombres;Temporal: Otro tipo;De 25 a 29 años;2019;7,6
Hombres;Temporal: Otro tipo;De 25 a 29 años;2018;5,7
Hombres;Temporal: Otro tipo;De 25 a 29 años;2017;4,7
Hombres;Temporal: Otro tipo;De 25 a 29 años;2016;7,3
Hombres;Temporal: Otro tipo;De 25 a 29 años;2015;5,4
Hombres;Temporal: Otro tipo;De 25 a 29 años;2014;5,5
Hombres;Temporal: Otro tipo;De 25 a 29 años;2013;6,5
Hombres;Temporal: Otro tipo;De 25 a 29 años;2012;8,7
Hombres;Temporal: Otro tipo;De 25 a 29 años;2011;8,7
Hombres;Temporal: Otro tipo;De 25 a 29 años;2010;9,7
Hombres;Temporal: Otro tipo;De 25 a 29 años;2009;13,9
Hombres;Temporal: Otro tipo;De 25 a 29 años;2008;14,0
Hombres;Temporal: Otro tipo;De 25 a 29 años;2007;16,0
Hombres;Temporal: Otro tipo;De 25 a 29 años;2006;19,8
Hombres;Temporal: No sabe;De 16 a 19 años;2021;7,3
Hombres;Temporal: No sabe;De 16 a 19 años;2020;5,7
Hombres;Temporal: No sabe;De 16 a 19 años;2019;7,8
Hombres;Temporal: No sabe;De 16 a 19 años;2018;5,4
Hombres;Temporal: No sabe;De 16 a 19 años;2017;4,2
Hombres;Temporal: No sabe;De 16 a 19 años;2016;4,0
Hombres;Temporal: No sabe;De 16 a 19 años;2015;2,4
Hombres;Temporal: No sabe;De 16 a 19 años;2014;2,1
Hombres;Temporal: No sabe;De 16 a 19 años;2013;3,5
Hombres;Temporal: No sabe;De 16 a 19 años;2012;4,0
Hombres;Temporal: No sabe;De 16 a 19 años;2011;4,5
Hombres;Temporal: No sabe;De 16 a 19 años;2010;4,0
Hombres;Temporal: No sabe;De 16 a 19 años;2009;9,3
Hombres;Temporal: No sabe;De 16 a 19 años;2008;19,6
Hombres;Temporal: No sabe;De 16 a 19 años;2007;25,8
Hombres;Temporal: No sabe;De 16 a 19 años;2006;35,6
Hombres;Temporal: No sabe;De 20 a 24 años;2021;33,1
Hombres;Temporal: No sabe;De 20 a 24 años;2020;24,3
Hombres;Temporal: No sabe;De 20 a 24 años;2019;32,9
Hombres;Temporal: No sabe;De 20 a 24 años;2018;27,9
Hombres;Temporal: No sabe;De 20 a 24 años;2017;24,6
Hombres;Temporal: No sabe;De 20 a 24 años;2016;18,9
Hombres;Temporal: No sabe;De 20 a 24 años;2015;19,5
Hombres;Temporal: No sabe;De 20 a 24 años;2014;22,4
Hombres;Temporal: No sabe;De 20 a 24 años;2013;17,6
Hombres;Temporal: No sabe;De 20 a 24 años;2012;21,2
Hombres;Temporal: No sabe;De 20 a 24 años;2011;24,6
Hombres;Temporal: No sabe;De 20 a 24 años;2010;29,3
Hombres;Temporal: No sabe;De 20 a 24 años;2009;35,8
Hombres;Temporal: No sabe;De 20 a 24 años;2008;64,9
Hombres;Temporal: No sabe;De 20 a 24 años;2007;77,1
Hombres;Temporal: No sabe;De 20 a 24 años;2006;117,5
Hombres;Temporal: No sabe;De 25 a 29 años;2021;36,5
Hombres;Temporal: No sabe;De 25 a 29 años;2020;29,1
Hombres;Temporal: No sabe;De 25 a 29 años;2019;33,6
Hombres;Temporal: No sabe;De 25 a 29 años;2018;31,6
Hombres;Temporal: No sabe;De 25 a 29 años;2017;29,0
Hombres;Temporal: No sabe;De 25 a 29 años;2016;27,7
Hombres;Temporal: No sabe;De 25 a 29 años;2015;24,2
Hombres;Temporal: No sabe;De 25 a 29 años;2014;28,1
Hombres;Temporal: No sabe;De 25 a 29 años;2013;25,7
Hombres;Temporal: No sabe;De 25 a 29 años;2012;31,0
Hombres;Temporal: No sabe;De 25 a 29 años;2011;36,5
Hombres;Temporal: No sabe;De 25 a 29 años;2010;34,6
Hombres;Temporal: No sabe;De 25 a 29 años;2009;47,4
Hombres;Temporal: No sabe;De 25 a 29 años;2008;72,7
Hombres;Temporal: No sabe;De 25 a 29 años;2007;98,0
Hombres;Temporal: No sabe;De 25 a 29 años;2006;122,5
Mujeres;De duración indefinida: Total;De 16 a 19 años;2021;5,7
Mujeres;De duración indefinida: Total;De 16 a 19 años;2020;4,7
Mujeres;De duración indefinida: Total;De 16 a 19 años;2019;6,6
Mujeres;De duración indefinida: Total;De 16 a 19 años;2018;8,0
Mujeres;De duración indefinida: Total;De 16 a 19 años;2017;6,7
Mujeres;De duración indefinida: Total;De 16 a 19 años;2016;4,8
Mujeres;De duración indefinida: Total;De 16 a 19 años;2015;3,0
Mujeres;De duración indefinida: Total;De 16 a 19 años;2014;3,4
Mujeres;De duración indefinida: Total;De 16 a 19 años;2013;3,2
Mujeres;De duración indefinida: Total;De 16 a 19 años;2012;6,3
Mujeres;De duración indefinida: Total;De 16 a 19 años;2011;9,5
Mujeres;De duración indefinida: Total;De 16 a 19 años;2010;12,7
Mujeres;De duración indefinida: Total;De 16 a 19 años;2009;20,3
Mujeres;De duración indefinida: Total;De 16 a 19 años;2008;26,5
Mujeres;De duración indefinida: Total;De 16 a 19 años;2007;26,5
Mujeres;De duración indefinida: Total;De 16 a 19 años;2006;23,1
Mujeres;De duración indefinida: Total;De 20 a 24 años;2021;104,1
Mujeres;De duración indefinida: Total;De 20 a 24 años;2020;109,4
Mujeres;De duración indefinida: Total;De 20 a 24 años;2019;121,6
Mujeres;De duración indefinida: Total;De 20 a 24 años;2018;115,1
Mujeres;De duración indefinida: Total;De 20 a 24 años;2017;99,1
Mujeres;De duración indefinida: Total;De 20 a 24 años;2016;90,7
Mujeres;De duración indefinida: Total;De 20 a 24 años;2015;101,2
Mujeres;De duración indefinida: Total;De 20 a 24 años;2014;99,0
Mujeres;De duración indefinida: Total;De 20 a 24 años;2013;116,0
Mujeres;De duración indefinida: Total;De 20 a 24 años;2012;141,9
Mujeres;De duración indefinida: Total;De 20 a 24 años;2011;182,6
Mujeres;De duración indefinida: Total;De 20 a 24 años;2010;215,3
Mujeres;De duración indefinida: Total;De 20 a 24 años;2009;238,3
Mujeres;De duración indefinida: Total;De 20 a 24 años;2008;283,3
Mujeres;De duración indefinida: Total;De 20 a 24 años;2007;273,0
Mujeres;De duración indefinida: Total;De 20 a 24 años;2006;248,8
Mujeres;De duración indefinida: Total;De 25 a 29 años;2021;383,2
Mujeres;De duración indefinida: Total;De 25 a 29 años;2020;385,6
Mujeres;De duración indefinida: Total;De 25 a 29 años;2019;393,3
Mujeres;De duración indefinida: Total;De 25 a 29 años;2018;376,1
Mujeres;De duración indefinida: Total;De 25 a 29 años;2017;368,0
Mujeres;De duración indefinida: Total;De 25 a 29 años;2016;367,0
Mujeres;De duración indefinida: Total;De 25 a 29 años;2015;377,1
Mujeres;De duración indefinida: Total;De 25 a 29 años;2014;408,7
Mujeres;De duración indefinida: Total;De 25 a 29 años;2013;428,9
Mujeres;De duración indefinida: Total;De 25 a 29 años;2012;496,9
Mujeres;De duración indefinida: Total;De 25 a 29 años;2011;541,8
Mujeres;De duración indefinida: Total;De 25 a 29 años;2010;620,1
Mujeres;De duración indefinida: Total;De 25 a 29 años;2009;665,4
Mujeres;De duración indefinida: Total;De 25 a 29 años;2008;689,2
Mujeres;De duración indefinida: Total;De 25 a 29 años;2007;701,3
Mujeres;De duración indefinida: Total;De 25 a 29 años;2006;634,0
Mujeres;De duración indefinida: Permanente a lo largo del tiempo;De 16 a 19 años;2021;5,4
Mujeres;De duración indefinida: Permanente a lo largo del tiempo;De 16 a 19 años;2020;4,2
Mujeres;De duración indefinida: Permanente a lo largo del tiempo;De 16 a 19 años;2019;6,2
Mujeres;De duración indefinida: Permanente a lo largo del tiempo;De 16 a 19 años;2018;7,6
Mujeres;De duración indefinida: Permanente a lo largo del tiempo;De 16 a 19 años;2017;6,6
Mujeres;De duración indefinida: Permanente a lo largo del tiempo;De 16 a 19 años;2016;4,6
Mujeres;De duración indefinida: Permanente a lo largo del tiempo;De 16 a 19 años;2015;2,9
Mujeres;De duración indefinida: Permanente a lo largo del tiempo;De 16 a 19 años;2014;3,3
Mujeres;De duración indefinida: Permanente a lo largo del tiempo;De 16 a 19 años;2013;3,2
Mujeres;De duración indefinida: Permanente a lo largo del tiempo;De 16 a 19 años;2012;6,1
Mujeres;De duración indefinida: Permanente a lo largo del tiempo;De 16 a 19 años;2011;8,5
Mujeres;De duración indefinida: Permanente a lo largo del tiempo;De 16 a 19 años;2010;12,1
Mujeres;De duración indefinida: Permanente a lo largo del tiempo;De 16 a 19 años;2009;19,2
Mujeres;De duración indefinida: Permanente a lo largo del tiempo;De 16 a 19 años;2008;25,5
Mujeres;De duración indefinida: Permanente a lo largo del tiempo;De 16 a 19 años;2007;25,9
Mujeres;De duración indefinida: Permanente a lo largo del tiempo;De 16 a 19 años;2006;21,3
Mujeres;De duración indefinida: Permanente a lo largo del tiempo;De 20 a 24 años;2021;100,9
Mujeres;De duración indefinida: Permanente a lo largo del tiempo;De 20 a 24 años;2020;105,8
Mujeres;De duración indefinida: Permanente a lo largo del tiempo;De 20 a 24 años;2019;117,2
Mujeres;De duración indefinida: Permanente a lo largo del tiempo;De 20 a 24 años;2018;111,0
Mujeres;De duración indefinida: Permanente a lo largo del tiempo;De 20 a 24 años;2017;95,7
Mujeres;De duración indefinida: Permanente a lo largo del tiempo;De 20 a 24 años;2016;87,7
Mujeres;De duración indefinida: Permanente a lo largo del tiempo;De 20 a 24 años;2015;98,2
Mujeres;De duración indefinida: Permanente a lo largo del tiempo;De 20 a 24 años;2014;96,2
Mujeres;De duración indefinida: Permanente a lo largo del tiempo;De 20 a 24 años;2013;111,0
Mujeres;De duración indefinida: Permanente a lo largo del tiempo;De 20 a 24 años;2012;137,0
Mujeres;De duración indefinida: Permanente a lo largo del tiempo;De 20 a 24 años;2011;175,4
Mujeres;De duración indefinida: Permanente a lo largo del tiempo;De 20 a 24 años;2010;208,9
Mujeres;De duración indefinida: Permanente a lo largo del tiempo;De 20 a 24 años;2009;233,1
Mujeres;De duración indefinida: Permanente a lo largo del tiempo;De 20 a 24 años;2008;278,4
Mujeres;De duración indefinida: Permanente a lo largo del tiempo;De 20 a 24 años;2007;265,9
Mujeres;De duración indefinida: Permanente a lo largo del tiempo;De 20 a 24 años;2006;242,2
Mujeres;De duración indefinida: Permanente a lo largo del tiempo;De 25 a 29 años;2021;374,4
Mujeres;De duración indefinida: Permanente a lo largo del tiempo;De 25 a 29 años;2020;373,2
Mujeres;De duración indefinida: Permanente a lo largo del tiempo;De 25 a 29 años;2019;378,4
Mujeres;De duración indefinida: Permanente a lo largo del tiempo;De 25 a 29 años;2018;364,2
Mujeres;De duración indefinida: Permanente a lo largo del tiempo;De 25 a 29 años;2017;356,4
Mujeres;De duración indefinida: Permanente a lo largo del tiempo;De 25 a 29 años;2016;354,6
Mujeres;De duración indefinida: Permanente a lo largo del tiempo;De 25 a 29 años;2015;367,6
Mujeres;De duración indefinida: Permanente a lo largo del tiempo;De 25 a 29 años;2014;398,6
Mujeres;De duración indefinida: Permanente a lo largo del tiempo;De 25 a 29 años;2013;417,4
Mujeres;De duración indefinida: Permanente a lo largo del tiempo;De 25 a 29 años;2012;481,6
Mujeres;De duración indefinida: Permanente a lo largo del tiempo;De 25 a 29 años;2011;529,9
Mujeres;De duración indefinida: Permanente a lo largo del tiempo;De 25 a 29 años;2010;609,0
Mujeres;De duración indefinida: Permanente a lo largo del tiempo;De 25 a 29 años;2009;653,7
Mujeres;De duración indefinida: Permanente a lo largo del tiempo;De 25 a 29 años;2008;675,3
Mujeres;De duración indefinida: Permanente a lo largo del tiempo;De 25 a 29 años;2007;684,6
Mujeres;De duración indefinida: Permanente a lo largo del tiempo;De 25 a 29 años;2006;621,1
Mujeres;De duración indefinida: Discontinuo;De 16 a 19 años;2021;0,3
Mujeres;De duración indefinida: Discontinuo;De 16 a 19 años;2020;0,6
Mujeres;De duración indefinida: Discontinuo;De 16 a 19 años;2019;0,4
Mujeres;De duración indefinida: Discontinuo;De 16 a 19 años;2018;0,5
Mujeres;De duración indefinida: Discontinuo;De 16 a 19 años;2017;0,1
Mujeres;De duración indefinida: Discontinuo;De 16 a 19 años;2016;0,1
Mujeres;De duración indefinida: Discontinuo;De 16 a 19 años;2015;0,2
Mujeres;De duración indefinida: Discontinuo;De 16 a 19 años;2014;0,1
Mujeres;De duración indefinida: Discontinuo;De 16 a 19 años;2013;0,1
Mujeres;De duración indefinida: Discontinuo;De 16 a 19 años;2012;0,3
Mujeres;De duración indefinida: Discontinuo;De 16 a 19 años;2011;0,9
Mujeres;De duración indefinida: Discontinuo;De 16 a 19 años;2010;0,5
Mujeres;De duración indefinida: Discontinuo;De 16 a 19 años;2009;1,1
Mujeres;De duración indefinida: Discontinuo;De 16 a 19 años;2008;1,0
Mujeres;De duración indefinida: Discontinuo;De 16 a 19 años;2007;0,6
Mujeres;De duración indefinida: Discontinuo;De 16 a 19 años;2006;1,8
Mujeres;De duración indefinida: Discontinuo;De 20 a 24 años;2021;3,1
Mujeres;De duración indefinida: Discontinuo;De 20 a 24 años;2020;3,5
Mujeres;De duración indefinida: Discontinuo;De 20 a 24 años;2019;4,4
Mujeres;De duración indefinida: Discontinuo;De 20 a 24 años;2018;4,1
Mujeres;De duración indefinida: Discontinuo;De 20 a 24 años;2017;3,4
Mujeres;De duración indefinida: Discontinuo;De 20 a 24 años;2016;3,0
Mujeres;De duración indefinida: Discontinuo;De 20 a 24 años;2015;3,1
Mujeres;De duración indefinida: Discontinuo;De 20 a 24 años;2014;2,7
Mujeres;De duración indefinida: Discontinuo;De 20 a 24 años;2013;5,0
Mujeres;De duración indefinida: Discontinuo;De 20 a 24 años;2012;4,9
Mujeres;De duración indefinida: Discontinuo;De 20 a 24 años;2011;7,2
Mujeres;De duración indefinida: Discontinuo;De 20 a 24 años;2010;6,4
Mujeres;De duración indefinida: Discontinuo;De 20 a 24 años;2009;5,2
Mujeres;De duración indefinida: Discontinuo;De 20 a 24 años;2008;4,8
Mujeres;De duración indefinida: Discontinuo;De 20 a 24 años;2007;7,0
Mujeres;De duración indefinida: Discontinuo;De 20 a 24 años;2006;6,7
Mujeres;De duración indefinida: Discontinuo;De 25 a 29 años;2021;8,8
Mujeres;De duración indefinida: Discontinuo;De 25 a 29 años;2020;12,4
Mujeres;De duración indefinida: Discontinuo;De 25 a 29 años;2019;14,9
Mujeres;De duración indefinida: Discontinuo;De 25 a 29 años;2018;11,9
Mujeres;De duración indefinida: Discontinuo;De 25 a 29 años;2017;11,6
Mujeres;De duración indefinida: Discontinuo;De 25 a 29 años;2016;12,4
Mujeres;De duración indefinida: Discontinuo;De 25 a 29 años;2015;9,5
Mujeres;De duración indefinida: Discontinuo;De 25 a 29 años;2014;10,1
Mujeres;De duración indefinida: Discontinuo;De 25 a 29 años;2013;11,5
Mujeres;De duración indefinida: Discontinuo;De 25 a 29 años;2012;15,3
Mujeres;De duración indefinida: Discontinuo;De 25 a 29 años;2011;11,9
Mujeres;De duración indefinida: Discontinuo;De 25 a 29 años;2010;11,1
Mujeres;De duración indefinida: Discontinuo;De 25 a 29 años;2009;11,7
Mujeres;De duración indefinida: Discontinuo;De 25 a 29 años;2008;13,8
Mujeres;De duración indefinida: Discontinuo;De 25 a 29 años;2007;16,7
Mujeres;De duración indefinida: Discontinuo;De 25 a 29 años;2006;13,0
Mujeres;Temporal: Total;De 16 a 19 años;2021;45,4
Mujeres;Temporal: Total;De 16 a 19 años;2020;28,3
Mujeres;Temporal: Total;De 16 a 19 años;2019;50,6
Mujeres;Temporal: Total;De 16 a 19 años;2018;47,1
Mujeres;Temporal: Total;De 16 a 19 años;2017;38,8
Mujeres;Temporal: Total;De 16 a 19 años;2016;31,4
Mujeres;Temporal: Total;De 16 a 19 años;2015;25,6
Mujeres;Temporal: Total;De 16 a 19 años;2014;23,1
Mujeres;Temporal: Total;De 16 a 19 años;2013;20,2
Mujeres;Temporal: Total;De 16 a 19 años;2012;26,5
Mujeres;Temporal: Total;De 16 a 19 años;2011;39,8
Mujeres;Temporal: Total;De 16 a 19 años;2010;43,0
Mujeres;Temporal: Total;De 16 a 19 años;2009;54,1
Mujeres;Temporal: Total;De 16 a 19 años;2008;92,9
Mujeres;Temporal: Total;De 16 a 19 años;2007;104,5
Mujeres;Temporal: Total;De 16 a 19 años;2006;110,1
Mujeres;Temporal: Total;De 20 a 24 años;2021;277,6
Mujeres;Temporal: Total;De 20 a 24 años;2020;227,6
Mujeres;Temporal: Total;De 20 a 24 años;2019;259,9
Mujeres;Temporal: Total;De 20 a 24 años;2018;270,3
Mujeres;Temporal: Total;De 20 a 24 años;2017;268,4
Mujeres;Temporal: Total;De 20 a 24 años;2016;228,4
Mujeres;Temporal: Total;De 20 a 24 años;2015;223,6
Mujeres;Temporal: Total;De 20 a 24 años;2014;202,6
Mujeres;Temporal: Total;De 20 a 24 años;2013;198,4
Mujeres;Temporal: Total;De 20 a 24 años;2012;215,2
Mujeres;Temporal: Total;De 20 a 24 años;2011;253,1
Mujeres;Temporal: Total;De 20 a 24 años;2010;276,6
Mujeres;Temporal: Total;De 20 a 24 años;2009;301,2
Mujeres;Temporal: Total;De 20 a 24 años;2008;366,6
Mujeres;Temporal: Total;De 20 a 24 años;2007;398,3
Mujeres;Temporal: Total;De 20 a 24 años;2006;442,1
Mujeres;Temporal: Total;De 25 a 29 años;2021;373,8
Mujeres;Temporal: Total;De 25 a 29 años;2020;341,3
Mujeres;Temporal: Total;De 25 a 29 años;2019;374,3
Mujeres;Temporal: Total;De 25 a 29 años;2018;363,8
Mujeres;Temporal: Total;De 25 a 29 años;2017;352,9
Mujeres;Temporal: Total;De 25 a 29 años;2016;344,0
Mujeres;Temporal: Total;De 25 a 29 años;2015;332,2
Mujeres;Temporal: Total;De 25 a 29 años;2014;325,7
Mujeres;Temporal: Total;De 25 a 29 años;2013;326,3
Mujeres;Temporal: Total;De 25 a 29 años;2012;328,5
Mujeres;Temporal: Total;De 25 a 29 años;2011;371,3
Mujeres;Temporal: Total;De 25 a 29 años;2010;370,6
Mujeres;Temporal: Total;De 25 a 29 años;2009;401,0
Mujeres;Temporal: Total;De 25 a 29 años;2008;494,0
Mujeres;Temporal: Total;De 25 a 29 años;2007;517,7
Mujeres;Temporal: Total;De 25 a 29 años;2006;561,3
Mujeres;Temporal: Eventual por circunstancias de la producción;De 16 a 19 años;2021;12,9
Mujeres;Temporal: Eventual por circunstancias de la producción;De 16 a 19 años;2020;6,3
Mujeres;Temporal: Eventual por circunstancias de la producción;De 16 a 19 años;2019;13,5
Mujeres;Temporal: Eventual por circunstancias de la producción;De 16 a 19 años;2018;13,2
Mujeres;Temporal: Eventual por circunstancias de la producción;De 16 a 19 años;2017;9,2
Mujeres;Temporal: Eventual por circunstancias de la producción;De 16 a 19 años;2016;6,8
Mujeres;Temporal: Eventual por circunstancias de la producción;De 16 a 19 años;2015;5,0
Mujeres;Temporal: Eventual por circunstancias de la producción;De 16 a 19 años;2014;5,1
Mujeres;Temporal: Eventual por circunstancias de la producción;De 16 a 19 años;2013;3,8
Mujeres;Temporal: Eventual por circunstancias de la producción;De 16 a 19 años;2012;5,4
Mujeres;Temporal: Eventual por circunstancias de la producción;De 16 a 19 años;2011;9,1
Mujeres;Temporal: Eventual por circunstancias de la producción;De 16 a 19 años;2010;7,6
Mujeres;Temporal: Eventual por circunstancias de la producción;De 16 a 19 años;2009;10,9
Mujeres;Temporal: Eventual por circunstancias de la producción;De 16 a 19 años;2008;21,6
Mujeres;Temporal: Eventual por circunstancias de la producción;De 16 a 19 años;2007;24,9
Mujeres;Temporal: Eventual por circunstancias de la producción;De 16 a 19 años;2006;22,5
Mujeres;Temporal: Eventual por circunstancias de la producción;De 20 a 24 años;2021;67,4
Mujeres;Temporal: Eventual por circunstancias de la producción;De 20 a 24 años;2020;53,1
Mujeres;Temporal: Eventual por circunstancias de la producción;De 20 a 24 años;2019;59,7
Mujeres;Temporal: Eventual por circunstancias de la producción;De 20 a 24 años;2018;63,5
Mujeres;Temporal: Eventual por circunstancias de la producción;De 20 a 24 años;2017;60,5
Mujeres;Temporal: Eventual por circunstancias de la producción;De 20 a 24 años;2016;44,6
Mujeres;Temporal: Eventual por circunstancias de la producción;De 20 a 24 años;2015;42,9
Mujeres;Temporal: Eventual por circunstancias de la producción;De 20 a 24 años;2014;45,2
Mujeres;Temporal: Eventual por circunstancias de la producción;De 20 a 24 años;2013;43,4
Mujeres;Temporal: Eventual por circunstancias de la producción;De 20 a 24 años;2012;48,7
Mujeres;Temporal: Eventual por circunstancias de la producción;De 20 a 24 años;2011;58,9
Mujeres;Temporal: Eventual por circunstancias de la producción;De 20 a 24 años;2010;55,7
Mujeres;Temporal: Eventual por circunstancias de la producción;De 20 a 24 años;2009;54,4
Mujeres;Temporal: Eventual por circunstancias de la producción;De 20 a 24 años;2008;83,5
Mujeres;Temporal: Eventual por circunstancias de la producción;De 20 a 24 años;2007;87,1
Mujeres;Temporal: Eventual por circunstancias de la producción;De 20 a 24 años;2006;93,7
Mujeres;Temporal: Eventual por circunstancias de la producción;De 25 a 29 años;2021;84,2
Mujeres;Temporal: Eventual por circunstancias de la producción;De 25 a 29 años;2020;81,9
Mujeres;Temporal: Eventual por circunstancias de la producción;De 25 a 29 años;2019;83,9
Mujeres;Temporal: Eventual por circunstancias de la producción;De 25 a 29 años;2018;84,4
Mujeres;Temporal: Eventual por circunstancias de la producción;De 25 a 29 años;2017;77,4
Mujeres;Temporal: Eventual por circunstancias de la producción;De 25 a 29 años;2016;70,6
Mujeres;Temporal: Eventual por circunstancias de la producción;De 25 a 29 años;2015;68,4
Mujeres;Temporal: Eventual por circunstancias de la producción;De 25 a 29 años;2014;68,3
Mujeres;Temporal: Eventual por circunstancias de la producción;De 25 a 29 años;2013;67,5
Mujeres;Temporal: Eventual por circunstancias de la producción;De 25 a 29 años;2012;63,4
Mujeres;Temporal: Eventual por circunstancias de la producción;De 25 a 29 años;2011;68,4
Mujeres;Temporal: Eventual por circunstancias de la producción;De 25 a 29 años;2010;64,6
Mujeres;Temporal: Eventual por circunstancias de la producción;De 25 a 29 años;2009;70,9
Mujeres;Temporal: Eventual por circunstancias de la producción;De 25 a 29 años;2008;96,2
Mujeres;Temporal: Eventual por circunstancias de la producción;De 25 a 29 años;2007;100,9
Mujeres;Temporal: Eventual por circunstancias de la producción;De 25 a 29 años;2006;98,9
Mujeres;Temporal: De aprendizaje, formación o práctica;De 16 a 19 años;2021;3,6
Mujeres;Temporal: De aprendizaje, formación o práctica;De 16 a 19 años;2020;1,6
Mujeres;Temporal: De aprendizaje, formación o práctica;De 16 a 19 años;2019;3,3
Mujeres;Temporal: De aprendizaje, formación o práctica;De 16 a 19 años;2018;2,1
Mujeres;Temporal: De aprendizaje, formación o práctica;De 16 a 19 años;2017;2,3
Mujeres;Temporal: De aprendizaje, formación o práctica;De 16 a 19 años;2016;2,5
Mujeres;Temporal: De aprendizaje, formación o práctica;De 16 a 19 años;2015;2,2
Mujeres;Temporal: De aprendizaje, formación o práctica;De 16 a 19 años;2014;1,8
Mujeres;Temporal: De aprendizaje, formación o práctica;De 16 a 19 años;2013;1,0
Mujeres;Temporal: De aprendizaje, formación o práctica;De 16 a 19 años;2012;1,4
Mujeres;Temporal: De aprendizaje, formación o práctica;De 16 a 19 años;2011;3,9
Mujeres;Temporal: De aprendizaje, formación o práctica;De 16 a 19 años;2010;4,5
Mujeres;Temporal: De aprendizaje, formación o práctica;De 16 a 19 años;2009;6,1
Mujeres;Temporal: De aprendizaje, formación o práctica;De 16 a 19 años;2008;8,9
Mujeres;Temporal: De aprendizaje, formación o práctica;De 16 a 19 años;2007;10,8
Mujeres;Temporal: De aprendizaje, formación o práctica;De 16 a 19 años;2006;10,7
Mujeres;Temporal: De aprendizaje, formación o práctica;De 20 a 24 años;2021;30,5
Mujeres;Temporal: De aprendizaje, formación o práctica;De 20 a 24 años;2020;22,2
Mujeres;Temporal: De aprendizaje, formación o práctica;De 20 a 24 años;2019;29,6
Mujeres;Temporal: De aprendizaje, formación o práctica;De 20 a 24 años;2018;30,9
Mujeres;Temporal: De aprendizaje, formación o práctica;De 20 a 24 años;2017;30,3
Mujeres;Temporal: De aprendizaje, formación o práctica;De 20 a 24 años;2016;32,7
Mujeres;Temporal: De aprendizaje, formación o práctica;De 20 a 24 años;2015;30,6
Mujeres;Temporal: De aprendizaje, formación o práctica;De 20 a 24 años;2014;23,7
Mujeres;Temporal: De aprendizaje, formación o práctica;De 20 a 24 años;2013;20,4
Mujeres;Temporal: De aprendizaje, formación o práctica;De 20 a 24 años;2012;19,0
Mujeres;Temporal: De aprendizaje, formación o práctica;De 20 a 24 años;2011;20,6
Mujeres;Temporal: De aprendizaje, formación o práctica;De 20 a 24 años;2010;22,3
Mujeres;Temporal: De aprendizaje, formación o práctica;De 20 a 24 años;2009;24,4
Mujeres;Temporal: De aprendizaje, formación o práctica;De 20 a 24 años;2008;24,8
Mujeres;Temporal: De aprendizaje, formación o práctica;De 20 a 24 años;2007;28,6
Mujeres;Temporal: De aprendizaje, formación o práctica;De 20 a 24 años;2006;33,4
Mujeres;Temporal: De aprendizaje, formación o práctica;De 25 a 29 años;2021;37,1
Mujeres;Temporal: De aprendizaje, formación o práctica;De 25 a 29 años;2020;30,1
Mujeres;Temporal: De aprendizaje, formación o práctica;De 25 a 29 años;2019;36,4
Mujeres;Temporal: De aprendizaje, formación o práctica;De 25 a 29 años;2018;33,5
Mujeres;Temporal: De aprendizaje, formación o práctica;De 25 a 29 años;2017;37,1
Mujeres;Temporal: De aprendizaje, formación o práctica;De 25 a 29 años;2016;40,8
Mujeres;Temporal: De aprendizaje, formación o práctica;De 25 a 29 años;2015;41,1
Mujeres;Temporal: De aprendizaje, formación o práctica;De 25 a 29 años;2014;37,9
Mujeres;Temporal: De aprendizaje, formación o práctica;De 25 a 29 años;2013;35,9
Mujeres;Temporal: De aprendizaje, formación o práctica;De 25 a 29 años;2012;25,1
Mujeres;Temporal: De aprendizaje, formación o práctica;De 25 a 29 años;2011;27,8
Mujeres;Temporal: De aprendizaje, formación o práctica;De 25 a 29 años;2010;25,3
Mujeres;Temporal: De aprendizaje, formación o práctica;De 25 a 29 años;2009;25,1
Mujeres;Temporal: De aprendizaje, formación o práctica;De 25 a 29 años;2008;26,2
Mujeres;Temporal: De aprendizaje, formación o práctica;De 25 a 29 años;2007;34,2
Mujeres;Temporal: De aprendizaje, formación o práctica;De 25 a 29 años;2006;33,6
Mujeres;Temporal: Estacional o de temporada;De 16 a 19 años;2021;5,2
Mujeres;Temporal: Estacional o de temporada;De 16 a 19 años;2020;3,2
Mujeres;Temporal: Estacional o de temporada;De 16 a 19 años;2019;5,9
Mujeres;Temporal: Estacional o de temporada;De 16 a 19 años;2018;6,3
Mujeres;Temporal: Estacional o de temporada;De 16 a 19 años;2017;5,5
Mujeres;Temporal: Estacional o de temporada;De 16 a 19 años;2016;2,9
Mujeres;Temporal: Estacional o de temporada;De 16 a 19 años;2015;3,2
Mujeres;Temporal: Estacional o de temporada;De 16 a 19 años;2014;3,6
Mujeres;Temporal: Estacional o de temporada;De 16 a 19 años;2013;3,3
Mujeres;Temporal: Estacional o de temporada;De 16 a 19 años;2012;3,0
Mujeres;Temporal: Estacional o de temporada;De 16 a 19 años;2011;3,5
Mujeres;Temporal: Estacional o de temporada;De 16 a 19 años;2010;4,9
Mujeres;Temporal: Estacional o de temporada;De 16 a 19 años;2009;6,6
Mujeres;Temporal: Estacional o de temporada;De 16 a 19 años;2008;9,6
Mujeres;Temporal: Estacional o de temporada;De 16 a 19 años;2007;12,2
Mujeres;Temporal: Estacional o de temporada;De 16 a 19 años;2006;9,5
Mujeres;Temporal: Estacional o de temporada;De 20 a 24 años;2021;17,1
Mujeres;Temporal: Estacional o de temporada;De 20 a 24 años;2020;15,2
Mujeres;Temporal: Estacional o de temporada;De 20 a 24 años;2019;22,9
Mujeres;Temporal: Estacional o de temporada;De 20 a 24 años;2018;21,2
Mujeres;Temporal: Estacional o de temporada;De 20 a 24 años;2017;19,8
Mujeres;Temporal: Estacional o de temporada;De 20 a 24 años;2016;18,6
Mujeres;Temporal: Estacional o de temporada;De 20 a 24 años;2015;18,8
Mujeres;Temporal: Estacional o de temporada;De 20 a 24 años;2014;20,9
Mujeres;Temporal: Estacional o de temporada;De 20 a 24 años;2013;21,4
Mujeres;Temporal: Estacional o de temporada;De 20 a 24 años;2012;18,3
Mujeres;Temporal: Estacional o de temporada;De 20 a 24 años;2011;18,1
Mujeres;Temporal: Estacional o de temporada;De 20 a 24 años;2010;20,5
Mujeres;Temporal: Estacional o de temporada;De 20 a 24 años;2009;20,4
Mujeres;Temporal: Estacional o de temporada;De 20 a 24 años;2008;27,1
Mujeres;Temporal: Estacional o de temporada;De 20 a 24 años;2007;33,8
Mujeres;Temporal: Estacional o de temporada;De 20 a 24 años;2006;31,2
Mujeres;Temporal: Estacional o de temporada;De 25 a 29 años;2021;20,4
Mujeres;Temporal: Estacional o de temporada;De 25 a 29 años;2020;20,4
Mujeres;Temporal: Estacional o de temporada;De 25 a 29 años;2019;25,9
Mujeres;Temporal: Estacional o de temporada;De 25 a 29 años;2018;20,6
Mujeres;Temporal: Estacional o de temporada;De 25 a 29 años;2017;19,1
Mujeres;Temporal: Estacional o de temporada;De 25 a 29 años;2016;20,3
Mujeres;Temporal: Estacional o de temporada;De 25 a 29 años;2015;20,4
Mujeres;Temporal: Estacional o de temporada;De 25 a 29 años;2014;21,9
Mujeres;Temporal: Estacional o de temporada;De 25 a 29 años;2013;23,9
Mujeres;Temporal: Estacional o de temporada;De 25 a 29 años;2012;22,9
Mujeres;Temporal: Estacional o de temporada;De 25 a 29 años;2011;21,8
Mujeres;Temporal: Estacional o de temporada;De 25 a 29 años;2010;22,7
Mujeres;Temporal: Estacional o de temporada;De 25 a 29 años;2009;22,4
Mujeres;Temporal: Estacional o de temporada;De 25 a 29 años;2008;34,9
Mujeres;Temporal: Estacional o de temporada;De 25 a 29 años;2007;33,8
Mujeres;Temporal: Estacional o de temporada;De 25 a 29 años;2006;36,6
Mujeres;Temporal: En periodo de prueba;De 16 a 19 años;2021;0,3
Mujeres;Temporal: En periodo de prueba;De 16 a 19 años;2020;0,3
Mujeres;Temporal: En periodo de prueba;De 16 a 19 años;2019;0,5
Mujeres;Temporal: En periodo de prueba;De 16 a 19 años;2018;1,1
Mujeres;Temporal: En periodo de prueba;De 16 a 19 años;2017;0,9
Mujeres;Temporal: En periodo de prueba;De 16 a 19 años;2016;0,5
Mujeres;Temporal: En periodo de prueba;De 16 a 19 años;2015;0,4
Mujeres;Temporal: En periodo de prueba;De 16 a 19 años;2014;0,8
Mujeres;Temporal: En periodo de prueba;De 16 a 19 años;2013;0,4
Mujeres;Temporal: En periodo de prueba;De 16 a 19 años;2012;0,4
Mujeres;Temporal: En periodo de prueba;De 16 a 19 años;2011;0,8
Mujeres;Temporal: En periodo de prueba;De 16 a 19 años;2010;0,8
Mujeres;Temporal: En periodo de prueba;De 16 a 19 años;2009;1,0
Mujeres;Temporal: En periodo de prueba;De 16 a 19 años;2008;2,2
Mujeres;Temporal: En periodo de prueba;De 16 a 19 años;2007;3,3
Mujeres;Temporal: En periodo de prueba;De 16 a 19 años;2006;3,3
Mujeres;Temporal: En periodo de prueba;De 20 a 24 años;2021;2,9
Mujeres;Temporal: En periodo de prueba;De 20 a 24 años;2020;2,4
Mujeres;Temporal: En periodo de prueba;De 20 a 24 años;2019;3,9
Mujeres;Temporal: En periodo de prueba;De 20 a 24 años;2018;4,3
Mujeres;Temporal: En periodo de prueba;De 20 a 24 años;2017;2,6
Mujeres;Temporal: En periodo de prueba;De 20 a 24 años;2016;3,2
Mujeres;Temporal: En periodo de prueba;De 20 a 24 años;2015;2,9
Mujeres;Temporal: En periodo de prueba;De 20 a 24 años;2014;1,5
Mujeres;Temporal: En periodo de prueba;De 20 a 24 años;2013;2,5
Mujeres;Temporal: En periodo de prueba;De 20 a 24 años;2012;2,2
Mujeres;Temporal: En periodo de prueba;De 20 a 24 años;2011;4,5
Mujeres;Temporal: En periodo de prueba;De 20 a 24 años;2010;5,3
Mujeres;Temporal: En periodo de prueba;De 20 a 24 años;2009;5,2
Mujeres;Temporal: En periodo de prueba;De 20 a 24 años;2008;8,0
Mujeres;Temporal: En periodo de prueba;De 20 a 24 años;2007;9,9
Mujeres;Temporal: En periodo de prueba;De 20 a 24 años;2006;7,9
Mujeres;Temporal: En periodo de prueba;De 25 a 29 años;2021;3,7
Mujeres;Temporal: En periodo de prueba;De 25 a 29 años;2020;4,8
Mujeres;Temporal: En periodo de prueba;De 25 a 29 años;2019;4,3
Mujeres;Temporal: En periodo de prueba;De 25 a 29 años;2018;2,9
Mujeres;Temporal: En periodo de prueba;De 25 a 29 años;2017;3,8
Mujeres;Temporal: En periodo de prueba;De 25 a 29 años;2016;3,1
Mujeres;Temporal: En periodo de prueba;De 25 a 29 años;2015;2,9
Mujeres;Temporal: En periodo de prueba;De 25 a 29 años;2014;3,6
Mujeres;Temporal: En periodo de prueba;De 25 a 29 años;2013;3,0
Mujeres;Temporal: En periodo de prueba;De 25 a 29 años;2012;3,7
Mujeres;Temporal: En periodo de prueba;De 25 a 29 años;2011;3,4
Mujeres;Temporal: En periodo de prueba;De 25 a 29 años;2010;3,6
Mujeres;Temporal: En periodo de prueba;De 25 a 29 años;2009;5,0
Mujeres;Temporal: En periodo de prueba;De 25 a 29 años;2008;7,1
Mujeres;Temporal: En periodo de prueba;De 25 a 29 años;2007;10,9
Mujeres;Temporal: En periodo de prueba;De 25 a 29 años;2006;8,3
Mujeres;Temporal: Cubre la ausencia total o parcial de otro trabajador;De 16 a 19 años;2021;2,2
Mujeres;Temporal: Cubre la ausencia total o parcial de otro trabajador;De 16 a 19 años;2020;2,3
Mujeres;Temporal: Cubre la ausencia total o parcial de otro trabajador;De 16 a 19 años;2019;3,1
Mujeres;Temporal: Cubre la ausencia total o parcial de otro trabajador;De 16 a 19 años;2018;1,8
Mujeres;Temporal: Cubre la ausencia total o parcial de otro trabajador;De 16 a 19 años;2017;2,3
Mujeres;Temporal: Cubre la ausencia total o parcial de otro trabajador;De 16 a 19 años;2016;2,0
Mujeres;Temporal: Cubre la ausencia total o parcial de otro trabajador;De 16 a 19 años;2015;1,8
Mujeres;Temporal: Cubre la ausencia total o parcial de otro trabajador;De 16 a 19 años;2014;0,9
Mujeres;Temporal: Cubre la ausencia total o parcial de otro trabajador;De 16 a 19 años;2013;0,7
Mujeres;Temporal: Cubre la ausencia total o parcial de otro trabajador;De 16 a 19 años;2012;1,0
Mujeres;Temporal: Cubre la ausencia total o parcial de otro trabajador;De 16 a 19 años;2011;3,5
Mujeres;Temporal: Cubre la ausencia total o parcial de otro trabajador;De 16 a 19 años;2010;3,6
Mujeres;Temporal: Cubre la ausencia total o parcial de otro trabajador;De 16 a 19 años;2009;3,8
Mujeres;Temporal: Cubre la ausencia total o parcial de otro trabajador;De 16 a 19 años;2008;4,2
Mujeres;Temporal: Cubre la ausencia total o parcial de otro trabajador;De 16 a 19 años;2007;3,2
Mujeres;Temporal: Cubre la ausencia total o parcial de otro trabajador;De 16 a 19 años;2006;7,5
Mujeres;Temporal: Cubre la ausencia total o parcial de otro trabajador;De 20 a 24 años;2021;32,6
Mujeres;Temporal: Cubre la ausencia total o parcial de otro trabajador;De 20 a 24 años;2020;26,4
Mujeres;Temporal: Cubre la ausencia total o parcial de otro trabajador;De 20 a 24 años;2019;27,1
Mujeres;Temporal: Cubre la ausencia total o parcial de otro trabajador;De 20 a 24 años;2018;25,6
Mujeres;Temporal: Cubre la ausencia total o parcial de otro trabajador;De 20 a 24 años;2017;24,4
Mujeres;Temporal: Cubre la ausencia total o parcial de otro trabajador;De 20 a 24 años;2016;20,7
Mujeres;Temporal: Cubre la ausencia total o parcial de otro trabajador;De 20 a 24 años;2015;17,1
Mujeres;Temporal: Cubre la ausencia total o parcial de otro trabajador;De 20 a 24 años;2014;14,8
Mujeres;Temporal: Cubre la ausencia total o parcial de otro trabajador;De 20 a 24 años;2013;16,5
Mujeres;Temporal: Cubre la ausencia total o parcial de otro trabajador;De 20 a 24 años;2012;22,1
Mujeres;Temporal: Cubre la ausencia total o parcial de otro trabajador;De 20 a 24 años;2011;28,4
Mujeres;Temporal: Cubre la ausencia total o parcial de otro trabajador;De 20 a 24 años;2010;28,7
Mujeres;Temporal: Cubre la ausencia total o parcial de otro trabajador;De 20 a 24 años;2009;31,0
Mujeres;Temporal: Cubre la ausencia total o parcial de otro trabajador;De 20 a 24 años;2008;29,1
Mujeres;Temporal: Cubre la ausencia total o parcial de otro trabajador;De 20 a 24 años;2007;31,1
Mujeres;Temporal: Cubre la ausencia total o parcial de otro trabajador;De 20 a 24 años;2006;30,1
Mujeres;Temporal: Cubre la ausencia total o parcial de otro trabajador;De 25 a 29 años;2021;59,2
Mujeres;Temporal: Cubre la ausencia total o parcial de otro trabajador;De 25 a 29 años;2020;51,0
Mujeres;Temporal: Cubre la ausencia total o parcial de otro trabajador;De 25 a 29 años;2019;55,7
Mujeres;Temporal: Cubre la ausencia total o parcial de otro trabajador;De 25 a 29 años;2018;56,7
Mujeres;Temporal: Cubre la ausencia total o parcial de otro trabajador;De 25 a 29 años;2017;53,4
Mujeres;Temporal: Cubre la ausencia total o parcial de otro trabajador;De 25 a 29 años;2016;46,1
Mujeres;Temporal: Cubre la ausencia total o parcial de otro trabajador;De 25 a 29 años;2015;43,5
Mujeres;Temporal: Cubre la ausencia total o parcial de otro trabajador;De 25 a 29 años;2014;43,4
Mujeres;Temporal: Cubre la ausencia total o parcial de otro trabajador;De 25 a 29 años;2013;41,9
Mujeres;Temporal: Cubre la ausencia total o parcial de otro trabajador;De 25 a 29 años;2012;47,6
Mujeres;Temporal: Cubre la ausencia total o parcial de otro trabajador;De 25 a 29 años;2011;56,8
Mujeres;Temporal: Cubre la ausencia total o parcial de otro trabajador;De 25 a 29 años;2010;57,2
Mujeres;Temporal: Cubre la ausencia total o parcial de otro trabajador;De 25 a 29 años;2009;58,8
Mujeres;Temporal: Cubre la ausencia total o parcial de otro trabajador;De 25 a 29 años;2008;62,8
Mujeres;Temporal: Cubre la ausencia total o parcial de otro trabajador;De 25 a 29 años;2007;55,4
Mujeres;Temporal: Cubre la ausencia total o parcial de otro trabajador;De 25 a 29 años;2006;56,1
Mujeres;Temporal: Para obra o servicio determinado;De 16 a 19 años;2021;14,2
Mujeres;Temporal: Para obra o servicio determinado;De 16 a 19 años;2020;9,0
Mujeres;Temporal: Para obra o servicio determinado;De 16 a 19 años;2019;14,9
Mujeres;Temporal: Para obra o servicio determinado;De 16 a 19 años;2018;14,2
Mujeres;Temporal: Para obra o servicio determinado;De 16 a 19 años;2017;12,9
Mujeres;Temporal: Para obra o servicio determinado;De 16 a 19 años;2016;10,9
Mujeres;Temporal: Para obra o servicio determinado;De 16 a 19 años;2015;8,5
Mujeres;Temporal: Para obra o servicio determinado;De 16 a 19 años;2014;6,7
Mujeres;Temporal: Para obra o servicio determinado;De 16 a 19 años;2013;6,3
Mujeres;Temporal: Para obra o servicio determinado;De 16 a 19 años;2012;8,2
Mujeres;Temporal: Para obra o servicio determinado;De 16 a 19 años;2011;10,0
Mujeres;Temporal: Para obra o servicio determinado;De 16 a 19 años;2010;10,6
Mujeres;Temporal: Para obra o servicio determinado;De 16 a 19 años;2009;10,9
Mujeres;Temporal: Para obra o servicio determinado;De 16 a 19 años;2008;18,4
Mujeres;Temporal: Para obra o servicio determinado;De 16 a 19 años;2007;21,7
Mujeres;Temporal: Para obra o servicio determinado;De 16 a 19 años;2006;16,9
Mujeres;Temporal: Para obra o servicio determinado;De 20 a 24 años;2021;83,0
Mujeres;Temporal: Para obra o servicio determinado;De 20 a 24 años;2020;75,0
Mujeres;Temporal: Para obra o servicio determinado;De 20 a 24 años;2019;81,6
Mujeres;Temporal: Para obra o servicio determinado;De 20 a 24 años;2018;86,4
Mujeres;Temporal: Para obra o servicio determinado;De 20 a 24 años;2017;92,6
Mujeres;Temporal: Para obra o servicio determinado;De 20 a 24 años;2016;78,2
Mujeres;Temporal: Para obra o servicio determinado;De 20 a 24 años;2015;74,5
Mujeres;Temporal: Para obra o servicio determinado;De 20 a 24 años;2014;64,9
Mujeres;Temporal: Para obra o servicio determinado;De 20 a 24 años;2013;58,4
Mujeres;Temporal: Para obra o servicio determinado;De 20 a 24 años;2012;64,2
Mujeres;Temporal: Para obra o servicio determinado;De 20 a 24 años;2011;73,6
Mujeres;Temporal: Para obra o servicio determinado;De 20 a 24 años;2010;79,7
Mujeres;Temporal: Para obra o servicio determinado;De 20 a 24 años;2009;88,6
Mujeres;Temporal: Para obra o servicio determinado;De 20 a 24 años;2008;97,1
Mujeres;Temporal: Para obra o servicio determinado;De 20 a 24 años;2007;96,1
Mujeres;Temporal: Para obra o servicio determinado;De 20 a 24 años;2006;95,6
Mujeres;Temporal: Para obra o servicio determinado;De 25 a 29 años;2021;115,3
Mujeres;Temporal: Para obra o servicio determinado;De 25 a 29 años;2020;112,2
Mujeres;Temporal: Para obra o servicio determinado;De 25 a 29 años;2019;115,8
Mujeres;Temporal: Para obra o servicio determinado;De 25 a 29 años;2018;118,1
Mujeres;Temporal: Para obra o servicio determinado;De 25 a 29 años;2017;119,5
Mujeres;Temporal: Para obra o servicio determinado;De 25 a 29 años;2016;117,3
Mujeres;Temporal: Para obra o servicio determinado;De 25 a 29 años;2015;113,5
Mujeres;Temporal: Para obra o servicio determinado;De 25 a 29 años;2014;99,7
Mujeres;Temporal: Para obra o servicio determinado;De 25 a 29 años;2013;106,2
Mujeres;Temporal: Para obra o servicio determinado;De 25 a 29 años;2012;105,7
Mujeres;Temporal: Para obra o servicio determinado;De 25 a 29 años;2011;120,0
Mujeres;Temporal: Para obra o servicio determinado;De 25 a 29 años;2010;120,3
Mujeres;Temporal: Para obra o servicio determinado;De 25 a 29 años;2009;123,7
Mujeres;Temporal: Para obra o servicio determinado;De 25 a 29 años;2008;143,4
Mujeres;Temporal: Para obra o servicio determinado;De 25 a 29 años;2007;138,8
Mujeres;Temporal: Para obra o servicio determinado;De 25 a 29 años;2006;146,4
Mujeres;Temporal: Verbal, no incluido en las opciones anteriores;De 16 a 19 años;2021;2,0
Mujeres;Temporal: Verbal, no incluido en las opciones anteriores;De 16 a 19 años;2020;2,5
Mujeres;Temporal: Verbal, no incluido en las opciones anteriores;De 16 a 19 años;2019;3,4
Mujeres;Temporal: Verbal, no incluido en las opciones anteriores;De 16 a 19 años;2018;2,9
Mujeres;Temporal: Verbal, no incluido en las opciones anteriores;De 16 a 19 años;2017;2,6
Mujeres;Temporal: Verbal, no incluido en las opciones anteriores;De 16 a 19 años;2016;3,3
Mujeres;Temporal: Verbal, no incluido en las opciones anteriores;De 16 a 19 años;2015;2,7
Mujeres;Temporal: Verbal, no incluido en las opciones anteriores;De 16 a 19 años;2014;3,0
Mujeres;Temporal: Verbal, no incluido en las opciones anteriores;De 16 a 19 años;2013;3,0
Mujeres;Temporal: Verbal, no incluido en las opciones anteriores;De 16 a 19 años;2012;4,6
Mujeres;Temporal: Verbal, no incluido en las opciones anteriores;De 16 a 19 años;2011;5,2
Mujeres;Temporal: Verbal, no incluido en las opciones anteriores;De 16 a 19 años;2010;6,0
Mujeres;Temporal: Verbal, no incluido en las opciones anteriores;De 16 a 19 años;2009;7,3
Mujeres;Temporal: Verbal, no incluido en las opciones anteriores;De 16 a 19 años;2008;12,8
Mujeres;Temporal: Verbal, no incluido en las opciones anteriores;De 16 a 19 años;2007;13,9
Mujeres;Temporal: Verbal, no incluido en las opciones anteriores;De 16 a 19 años;2006;15,2
Mujeres;Temporal: Verbal, no incluido en las opciones anteriores;De 20 a 24 años;2021;12,5
Mujeres;Temporal: Verbal, no incluido en las opciones anteriores;De 20 a 24 años;2020;7,4
Mujeres;Temporal: Verbal, no incluido en las opciones anteriores;De 20 a 24 años;2019;8,7
Mujeres;Temporal: Verbal, no incluido en las opciones anteriores;De 20 a 24 años;2018;9,8
Mujeres;Temporal: Verbal, no incluido en las opciones anteriores;De 20 a 24 años;2017;11,1
Mujeres;Temporal: Verbal, no incluido en las opciones anteriores;De 20 a 24 años;2016;10,0
Mujeres;Temporal: Verbal, no incluido en las opciones anteriores;De 20 a 24 años;2015;15,9
Mujeres;Temporal: Verbal, no incluido en las opciones anteriores;De 20 a 24 años;2014;10,6
Mujeres;Temporal: Verbal, no incluido en las opciones anteriores;De 20 a 24 años;2013;11,9
Mujeres;Temporal: Verbal, no incluido en las opciones anteriores;De 20 a 24 años;2012;13,5
Mujeres;Temporal: Verbal, no incluido en las opciones anteriores;De 20 a 24 años;2011;17,4
Mujeres;Temporal: Verbal, no incluido en las opciones anteriores;De 20 a 24 años;2010;25,6
Mujeres;Temporal: Verbal, no incluido en las opciones anteriores;De 20 a 24 años;2009;27,3
Mujeres;Temporal: Verbal, no incluido en las opciones anteriores;De 20 a 24 años;2008;30,8
Mujeres;Temporal: Verbal, no incluido en las opciones anteriores;De 20 a 24 años;2007;40,1
Mujeres;Temporal: Verbal, no incluido en las opciones anteriores;De 20 a 24 años;2006;43,1
Mujeres;Temporal: Verbal, no incluido en las opciones anteriores;De 25 a 29 años;2021;8,7
Mujeres;Temporal: Verbal, no incluido en las opciones anteriores;De 25 a 29 años;2020;8,2
Mujeres;Temporal: Verbal, no incluido en las opciones anteriores;De 25 a 29 años;2019;11,1
Mujeres;Temporal: Verbal, no incluido en las opciones anteriores;De 25 a 29 años;2018;6,7
Mujeres;Temporal: Verbal, no incluido en las opciones anteriores;De 25 a 29 años;2017;9,5
Mujeres;Temporal: Verbal, no incluido en las opciones anteriores;De 25 a 29 años;2016;12,7
Mujeres;Temporal: Verbal, no incluido en las opciones anteriores;De 25 a 29 años;2015;11,8
Mujeres;Temporal: Verbal, no incluido en las opciones anteriores;De 25 a 29 años;2014;15,8
Mujeres;Temporal: Verbal, no incluido en las opciones anteriores;De 25 a 29 años;2013;15,1
Mujeres;Temporal: Verbal, no incluido en las opciones anteriores;De 25 a 29 años;2012;22,0
Mujeres;Temporal: Verbal, no incluido en las opciones anteriores;De 25 a 29 años;2011;28,8
Mujeres;Temporal: Verbal, no incluido en las opciones anteriores;De 25 a 29 años;2010;30,2
Mujeres;Temporal: Verbal, no incluido en las opciones anteriores;De 25 a 29 años;2009;32,6
Mujeres;Temporal: Verbal, no incluido en las opciones anteriores;De 25 a 29 años;2008;35,8
Mujeres;Temporal: Verbal, no incluido en las opciones anteriores;De 25 a 29 años;2007;47,3
Mujeres;Temporal: Verbal, no incluido en las opciones anteriores;De 25 a 29 años;2006;50,1
Mujeres;Temporal: Otro tipo;De 16 a 19 años;2021;0,4
Mujeres;Temporal: Otro tipo;De 16 a 19 años;2020;0,3
Mujeres;Temporal: Otro tipo;De 16 a 19 años;2019;1,0
Mujeres;Temporal: Otro tipo;De 16 a 19 años;2018;0,3
Mujeres;Temporal: Otro tipo;De 16 a 19 años;2017;0,1
Mujeres;Temporal: Otro tipo;De 16 a 19 años;2016;0,1
Mujeres;Temporal: Otro tipo;De 16 a 19 años;2015;0,3
Mujeres;Temporal: Otro tipo;De 16 a 19 años;2014;..
Mujeres;Temporal: Otro tipo;De 16 a 19 años;2013;0,3
Mujeres;Temporal: Otro tipo;De 16 a 19 años;2012;0,2
Mujeres;Temporal: Otro tipo;De 16 a 19 años;2011;0,1
Mujeres;Temporal: Otro tipo;De 16 a 19 años;2010;0,2
Mujeres;Temporal: Otro tipo;De 16 a 19 años;2009;0,5
Mujeres;Temporal: Otro tipo;De 16 a 19 años;2008;1,1
Mujeres;Temporal: Otro tipo;De 16 a 19 años;2007;2,1
Mujeres;Temporal: Otro tipo;De 16 a 19 años;2006;3,0
Mujeres;Temporal: Otro tipo;De 20 a 24 años;2021;2,9
Mujeres;Temporal: Otro tipo;De 20 a 24 años;2020;2,3
Mujeres;Temporal: Otro tipo;De 20 a 24 años;2019;2,9
Mujeres;Temporal: Otro tipo;De 20 a 24 años;2018;2,4
Mujeres;Temporal: Otro tipo;De 20 a 24 años;2017;1,9
Mujeres;Temporal: Otro tipo;De 20 a 24 años;2016;3,0
Mujeres;Temporal: Otro tipo;De 20 a 24 años;2015;3,7
Mujeres;Temporal: Otro tipo;De 20 a 24 años;2014;2,3
Mujeres;Temporal: Otro tipo;De 20 a 24 años;2013;3,3
Mujeres;Temporal: Otro tipo;De 20 a 24 años;2012;3,0
Mujeres;Temporal: Otro tipo;De 20 a 24 años;2011;4,7
Mujeres;Temporal: Otro tipo;De 20 a 24 años;2010;6,3
Mujeres;Temporal: Otro tipo;De 20 a 24 años;2009;7,5
Mujeres;Temporal: Otro tipo;De 20 a 24 años;2008;7,1
Mujeres;Temporal: Otro tipo;De 20 a 24 años;2007;7,3
Mujeres;Temporal: Otro tipo;De 20 a 24 años;2006;10,0
Mujeres;Temporal: Otro tipo;De 25 a 29 años;2021;11,8
Mujeres;Temporal: Otro tipo;De 25 a 29 años;2020;7,0
Mujeres;Temporal: Otro tipo;De 25 a 29 años;2019;9,1
Mujeres;Temporal: Otro tipo;De 25 a 29 años;2018;6,2
Mujeres;Temporal: Otro tipo;De 25 a 29 años;2017;4,9
Mujeres;Temporal: Otro tipo;De 25 a 29 años;2016;5,7
Mujeres;Temporal: Otro tipo;De 25 a 29 años;2015;5,1
Mujeres;Temporal: Otro tipo;De 25 a 29 años;2014;6,8
Mujeres;Temporal: Otro tipo;De 25 a 29 años;2013;8,2
Mujeres;Temporal: Otro tipo;De 25 a 29 años;2012;10,4
Mujeres;Temporal: Otro tipo;De 25 a 29 años;2011;12,7
Mujeres;Temporal: Otro tipo;De 25 a 29 años;2010;9,6
Mujeres;Temporal: Otro tipo;De 25 a 29 años;2009;12,9
Mujeres;Temporal: Otro tipo;De 25 a 29 años;2008;21,8
Mujeres;Temporal: Otro tipo;De 25 a 29 años;2007;19,6
Mujeres;Temporal: Otro tipo;De 25 a 29 años;2006;22,8
Mujeres;Temporal: No sabe;De 16 a 19 años;2021;4,5
Mujeres;Temporal: No sabe;De 16 a 19 años;2020;2,9
Mujeres;Temporal: No sabe;De 16 a 19 años;2019;5,0
Mujeres;Temporal: No sabe;De 16 a 19 años;2018;5,1
Mujeres;Temporal: No sabe;De 16 a 19 años;2017;3,2
Mujeres;Temporal: No sabe;De 16 a 19 años;2016;2,3
Mujeres;Temporal: No sabe;De 16 a 19 años;2015;1,6
Mujeres;Temporal: No sabe;De 16 a 19 años;2014;1,1
Mujeres;Temporal: No sabe;De 16 a 19 años;2013;1,5
Mujeres;Temporal: No sabe;De 16 a 19 años;2012;2,3
Mujeres;Temporal: No sabe;De 16 a 19 años;2011;3,7
Mujeres;Temporal: No sabe;De 16 a 19 años;2010;4,7
Mujeres;Temporal: No sabe;De 16 a 19 años;2009;7,1
Mujeres;Temporal: No sabe;De 16 a 19 años;2008;14,2
Mujeres;Temporal: No sabe;De 16 a 19 años;2007;12,4
Mujeres;Temporal: No sabe;De 16 a 19 años;2006;21,4
Mujeres;Temporal: No sabe;De 20 a 24 años;2021;28,7
Mujeres;Temporal: No sabe;De 20 a 24 años;2020;23,6
Mujeres;Temporal: No sabe;De 20 a 24 años;2019;23,5
Mujeres;Temporal: No sabe;De 20 a 24 años;2018;26,0
Mujeres;Temporal: No sabe;De 20 a 24 años;2017;25,1
Mujeres;Temporal: No sabe;De 20 a 24 años;2016;17,4
Mujeres;Temporal: No sabe;De 20 a 24 años;2015;17,2
Mujeres;Temporal: No sabe;De 20 a 24 años;2014;18,7
Mujeres;Temporal: No sabe;De 20 a 24 años;2013;20,6
Mujeres;Temporal: No sabe;De 20 a 24 años;2012;24,3
Mujeres;Temporal: No sabe;De 20 a 24 años;2011;26,8
Mujeres;Temporal: No sabe;De 20 a 24 años;2010;32,4
Mujeres;Temporal: No sabe;De 20 a 24 años;2009;42,5
Mujeres;Temporal: No sabe;De 20 a 24 años;2008;59,1
Mujeres;Temporal: No sabe;De 20 a 24 años;2007;64,4
Mujeres;Temporal: No sabe;De 20 a 24 años;2006;97,0
Mujeres;Temporal: No sabe;De 25 a 29 años;2021;33,5
Mujeres;Temporal: No sabe;De 25 a 29 años;2020;25,8
Mujeres;Temporal: No sabe;De 25 a 29 años;2019;32,3
Mujeres;Temporal: No sabe;De 25 a 29 años;2018;34,6
Mujeres;Temporal: No sabe;De 25 a 29 años;2017;28,3
Mujeres;Temporal: No sabe;De 25 a 29 años;2016;27,4
Mujeres;Temporal: No sabe;De 25 a 29 años;2015;25,5
Mujeres;Temporal: No sabe;De 25 a 29 años;2014;28,2
Mujeres;Temporal: No sabe;De 25 a 29 años;2013;24,5
Mujeres;Temporal: No sabe;De 25 a 29 años;2012;27,7
Mujeres;Temporal: No sabe;De 25 a 29 años;2011;31,5
Mujeres;Temporal: No sabe;De 25 a 29 años;2010;37,0
Mujeres;Temporal: No sabe;De 25 a 29 años;2009;49,5
Mujeres;Temporal: No sabe;De 25 a 29 años;2008;65,7
Mujeres;Temporal: No sabe;De 25 a 29 años;2007;76,8
Mujeres;Temporal: No sabe;De 25 a 29 años;2006;108,5
